Hours_Studied,Attendance,Extracurricular_Activities,Sleep_Hours,Previous_Scores,Exam_Score
23,84,No,7,73,67
19,64,No,8,59,61
24,98,Yes,7,91,74
29,89,Yes,8,98,71
19,92,Yes,6,65,70
19,88,Yes,8,89,71
29,84,Yes,7,68,67
25,78,Yes,6,50,66
17,94,No,6,80,69
23,98,Yes,8,71,72
17,80,No,8,88,68
17,97,Yes,6,87,71
21,83,Yes,8,97,70
9,82,Yes,8,72,66
10,78,Yes,8,74,65
17,68,No,8,70,64
14,60,Yes,10,65,60
22,70,Yes,6,82,65
15,80,Yes,9,91,67
12,75,Yes,7,58,66
29,78,No,5,99,69
19,99,No,6,84,72
20,74,No,8,89,66
11,78,Yes,8,100,66
17,65,Yes,5,75,63
21,62,Yes,6,54,64
13,91,No,6,90,65
22,83,Yes,6,94,71
16,90,No,4,58,66
18,66,No,4,51,64
16,83,No,6,57,63
31,70,Yes,7,66,69
20,69,Yes,8,96,67
14,60,No,5,50,61
25,65,No,5,90,68
13,72,No,6,93,61
21,65,Yes,7,91,64
8,99,No,9,54,67
12,72,Yes,8,84,63
21,65,Yes,6,98,64
24,68,No,8,56,67
21,84,Yes,6,52,65
19,63,No,7,94,64
18,94,Yes,7,82,70
11,98,Yes,9,82,68
16,70,Yes,8,98,65
17,78,Yes,6,88,68
26,61,Yes,6,70,64
22,86,Yes,7,72,68
9,77,No,5,57,63
22,71,Yes,7,65,64
18,68,No,7,72,64
16,86,Yes,8,63,67
24,77,No,8,96,67
26,67,Yes,7,51,66
26,88,Yes,5,79,72
15,83,No,5,89,65
18,94,Yes,6,87,71
22,65,No,8,82,66
26,91,Yes,8,71,68
17,87,No,7,96,70
19,65,Yes,10,66,62
13,88,Yes,9,88,68
13,78,Yes,9,96,67
25,98,Yes,8,56,71
28,66,Yes,8,97,68
20,86,Yes,8,89,69
26,75,Yes,4,81,70
22,98,No,5,69,69
16,73,No,7,95,65
22,98,Yes,7,52,70
29,96,Yes,7,72,71
20,71,Yes,7,88,65
29,92,No,4,91,72
4,100,Yes,8,60,69
25,70,No,7,52,66
21,77,Yes,7,90,68
18,81,Yes,8,71,65
21,72,Yes,5,57,64
8,61,Yes,7,54,60
19,69,Yes,7,82,65
22,71,No,6,79,66
29,78,Yes,4,93,74
17,67,Yes,5,52,62
15,95,No,7,93,70
17,88,Yes,7,94,69
25,63,Yes,7,72,67
22,86,No,6,54,64
17,86,No,5,97,71
23,98,Yes,7,54,68
21,60,No,7,80,64
26,70,Yes,8,75,63
16,97,Yes,6,92,71
18,97,Yes,4,75,69
18,89,Yes,4,73,100
11,91,No,6,94,68
22,64,No,7,98,62
22,81,Yes,7,77,68
20,69,Yes,6,73,66
19,67,No,5,92,64
12,92,No,4,92,67
17,65,Yes,8,66,65
18,79,Yes,7,79,65
15,98,No,6,58,69
19,67,No,5,82,63
22,99,Yes,6,92,72
31,100,No,7,59,76
21,82,Yes,7,66,69
22,67,Yes,7,72,67
20,73,Yes,9,92,69
8,77,Yes,6,87,63
20,72,No,9,66,67
20,71,Yes,7,62,66
35,99,Yes,7,85,79
19,66,No,8,74,64
22,89,Yes,6,80,73
20,60,No,7,82,63
13,84,No,5,78,65
27,97,Yes,8,81,73
25,72,Yes,8,94,70
25,67,No,9,93,68
15,86,Yes,7,57,65
28,89,Yes,9,79,71
12,88,No,6,72,64
24,73,Yes,8,64,68
33,70,Yes,6,82,69
14,98,No,7,76,69
17,97,No,8,89,69
21,78,Yes,10,55,67
17,94,Yes,8,65,68
11,78,Yes,8,51,64
20,77,No,6,87,66
14,66,No,7,96,63
23,77,Yes,7,79,66
14,81,No,9,81,66
29,61,Yes,7,52,67
15,78,No,9,75,65
18,91,Yes,5,76,68
25,87,No,9,52,68
13,85,No,6,89,65
21,96,No,8,64,71
28,61,No,6,86,65
10,82,No,8,70,64
21,91,No,6,100,72
22,82,No,9,61,65
25,73,No,8,53,66
13,65,No,6,99,61
12,96,Yes,8,62,68
23,79,Yes,8,82,69
22,95,Yes,6,69,72
22,83,Yes,5,82,71
22,87,No,5,80,70
16,92,Yes,5,85,68
21,86,Yes,5,51,67
22,76,Yes,8,92,68
16,81,Yes,8,74,68
31,92,Yes,4,76,72
23,75,No,6,71,65
13,76,No,5,99,66
24,64,Yes,8,90,65
14,97,Yes,6,66,67
25,64,No,5,89,66
27,86,No,7,72,69
15,77,Yes,8,94,66
26,76,Yes,6,52,69
22,87,Yes,7,68,67
25,63,Yes,6,71,66
31,84,Yes,9,87,71
19,91,No,6,59,70
15,93,No,6,64,71
15,67,Yes,7,86,66
15,96,No,7,54,67
20,86,No,8,60,66
22,95,No,9,88,72
22,79,No,9,94,68
25,82,No,6,86,69
20,97,Yes,7,76,71
29,96,Yes,9,55,70
18,78,No,9,91,67
36,71,Yes,6,56,69
24,76,No,8,69,65
15,76,No,8,53,65
14,71,Yes,8,85,64
23,71,Yes,9,75,63
19,94,Yes,5,95,69
24,63,Yes,6,57,64
23,87,Yes,8,91,72
20,67,Yes,7,76,63
15,74,Yes,4,68,64
11,62,Yes,5,82,64
17,71,Yes,8,90,67
25,91,No,8,72,71
21,95,No,5,62,70
13,69,Yes,9,96,61
21,79,Yes,7,66,67
22,79,No,5,100,72
15,95,Yes,6,88,66
21,91,Yes,5,84,70
20,81,Yes,6,51,67
13,87,Yes,4,72,67
22,94,Yes,7,75,71
23,60,Yes,8,69,66
26,76,Yes,5,57,68
26,96,Yes,7,68,74
12,90,Yes,6,54,64
14,82,No,8,65,65
23,81,Yes,4,54,66
23,74,Yes,8,88,66
23,81,No,4,84,68
43,86,Yes,7,97,78
23,77,Yes,6,69,67
27,89,Yes,6,89,74
26,94,No,5,79,74
24,66,No,9,82,62
18,78,Yes,5,77,66
25,76,Yes,5,89,69
15,87,Yes,10,52,68
19,70,No,7,54,89
17,86,No,5,55,66
20,95,Yes,7,64,68
34,77,Yes,7,80,69
9,96,Yes,4,82,67
24,100,Yes,6,86,75
10,64,No,7,64,60
17,69,Yes,9,83,66
27,98,Yes,7,56,73
20,98,No,7,50,68
14,64,Yes,6,85,62
16,61,No,9,86,62
24,66,Yes,8,81,65
16,100,Yes,8,63,69
21,67,No,7,96,64
20,80,No,5,94,67
16,94,Yes,9,76,70
33,61,No,7,99,70
24,84,No,7,65,69
8,71,No,8,75,61
21,94,No,7,96,69
16,71,Yes,5,73,63
25,87,Yes,7,74,67
15,87,No,4,54,65
19,69,Yes,7,61,66
23,61,No,9,58,63
25,76,Yes,4,78,68
13,72,No,7,66,65
18,92,Yes,8,54,67
17,92,Yes,8,75,68
16,78,No,6,83,64
31,84,No,5,87,71
22,84,Yes,6,92,69
12,93,Yes,9,74,67
26,77,No,4,70,65
33,71,No,5,84,68
26,71,Yes,6,51,67
11,81,Yes,6,82,67
17,78,Yes,7,70,66
28,78,No,9,73,70
16,64,Yes,5,65,65
23,89,Yes,7,56,69
25,69,Yes,7,70,65
14,68,No,6,65,63
20,77,No,5,98,67
1,69,Yes,6,97,61
14,83,Yes,6,82,65
18,75,Yes,8,95,66
13,78,Yes,8,88,66
30,81,Yes,5,67,69
11,68,No,6,80,63
17,66,No,6,61,65
21,95,No,10,84,67
29,77,Yes,7,52,69
11,76,Yes,5,92,65
27,61,No,6,79,65
20,80,Yes,6,53,65
14,82,Yes,8,94,67
23,82,Yes,8,94,66
21,88,No,7,93,72
16,67,No,7,89,66
20,70,Yes,7,84,65
18,92,Yes,7,70,69
21,98,No,4,57,68
24,65,No,7,64,64
30,80,No,6,67,69
13,69,Yes,5,68,59
33,62,Yes,10,78,68
8,73,No,7,60,60
19,66,No,7,59,62
24,88,Yes,6,86,67
22,81,Yes,8,50,68
16,66,Yes,5,57,64
19,60,Yes,7,72,65
17,92,Yes,6,57,65
16,67,No,8,98,63
25,84,Yes,6,84,70
22,73,Yes,9,72,66
16,83,Yes,7,56,68
25,73,No,8,69,66
22,63,No,8,83,63
25,69,Yes,9,98,66
24,68,Yes,6,74,65
15,77,Yes,8,85,66
17,86,Yes,4,60,67
24,71,Yes,7,81,66
24,60,No,6,62,63
20,81,Yes,5,60,66
21,84,No,6,75,67
28,99,Yes,6,61,71
16,84,Yes,7,86,67
23,79,Yes,6,97,69
19,83,Yes,7,70,67
19,97,Yes,6,66,72
27,93,No,6,59,70
25,73,Yes,7,70,67
25,69,Yes,7,78,64
28,71,No,8,69,67
20,80,No,8,81,69
24,90,No,7,83,68
18,80,No,8,55,63
22,63,Yes,7,85,68
19,89,Yes,7,95,70
21,92,Yes,8,51,66
24,72,No,6,78,68
15,87,Yes,4,80,67
33,77,Yes,5,85,69
14,96,Yes,9,69,66
13,94,Yes,7,91,68
27,81,Yes,7,77,69
25,88,Yes,7,70,70
24,95,Yes,8,86,74
24,80,Yes,7,96,70
20,73,Yes,7,91,66
15,90,Yes,8,97,69
20,69,No,6,63,64
16,76,Yes,8,56,62
26,95,No,7,77,70
19,89,Yes,7,52,68
15,76,Yes,6,84,65
18,69,No,7,62,65
22,74,Yes,6,73,71
17,71,Yes,9,83,66
15,67,No,4,74,61
21,90,Yes,8,62,67
21,70,Yes,4,94,65
17,78,No,8,88,65
17,75,Yes,6,80,65
21,99,No,8,85,73
11,76,Yes,7,71,62
12,63,Yes,5,69,60
16,64,Yes,9,58,61
19,84,Yes,8,90,67
22,84,No,8,69,70
29,77,No,6,85,69
25,77,Yes,8,65,66
19,62,No,5,90,64
20,81,Yes,4,55,68
14,80,Yes,5,81,67
20,66,No,6,90,64
18,64,Yes,6,83,65
22,65,Yes,6,85,66
15,64,Yes,6,76,63
23,84,Yes,6,78,68
29,68,Yes,4,53,66
19,70,No,7,63,63
22,67,No,7,86,63
24,98,Yes,6,97,74
18,94,Yes,9,77,70
21,69,Yes,7,86,68
20,73,Yes,7,84,66
21,68,No,8,100,63
15,80,No,5,90,67
20,61,No,7,81,62
23,87,No,8,56,71
29,81,No,7,68,72
26,96,Yes,5,63,72
33,67,Yes,6,93,68
15,92,Yes,7,72,66
25,92,No,4,77,70
21,65,Yes,5,98,66
33,76,Yes,10,92,72
15,67,Yes,8,89,64
15,70,No,9,57,63
16,71,No,8,51,61
7,82,Yes,8,56,62
17,76,No,7,87,68
15,98,Yes,8,71,68
21,65,No,9,56,63
22,99,Yes,8,87,70
31,69,Yes,7,60,68
26,91,Yes,7,79,72
17,74,Yes,8,87,67
15,66,No,6,80,61
23,94,No,8,100,69
12,72,Yes,6,72,61
31,86,Yes,6,66,75
27,83,No,5,60,68
17,79,Yes,6,75,65
10,80,Yes,6,93,67
28,89,Yes,10,97,75
19,64,No,6,99,64
27,87,No,8,77,70
10,96,No,6,80,67
16,62,Yes,7,79,63
20,66,No,7,73,65
20,89,Yes,4,58,67
17,77,Yes,5,53,86
24,76,No,6,72,67
14,65,No,5,59,63
19,80,No,7,94,66
21,65,No,7,88,65
23,79,No,5,81,67
24,91,No,7,52,69
13,70,No,6,81,66
11,79,Yes,7,81,64
28,100,Yes,6,72,73
22,87,No,8,83,66
16,94,No,9,93,68
29,77,Yes,8,88,70
21,91,No,9,74,69
27,62,Yes,5,63,67
20,65,No,6,74,62
32,68,No,8,97,68
31,76,Yes,9,91,72
19,94,No,8,51,69
26,74,No,5,89,66
24,86,No,6,59,70
28,88,No,8,79,71
14,83,Yes,7,90,65
24,74,Yes,6,78,70
26,83,No,7,70,65
9,74,No,7,66,62
13,63,Yes,5,65,62
8,100,Yes,8,92,70
18,65,Yes,6,91,66
24,63,Yes,7,91,67
29,95,No,9,64,72
20,72,Yes,7,90,66
30,86,Yes,8,52,68
12,73,No,5,60,62
10,76,Yes,8,76,64
20,70,No,8,70,65
22,74,Yes,6,56,66
20,76,No,7,52,64
8,89,Yes,7,81,67
19,80,Yes,7,66,69
12,98,Yes,8,51,68
24,62,No,6,72,64
22,80,Yes,7,65,68
14,83,Yes,9,79,64
17,97,No,9,96,71
14,62,Yes,8,65,61
20,83,No,7,100,68
26,94,Yes,10,54,73
14,70,Yes,9,54,64
23,95,Yes,7,86,72
17,61,Yes,7,87,65
15,89,Yes,6,71,68
19,97,Yes,8,64,71
14,86,Yes,8,90,65
17,78,No,8,98,66
13,62,No,7,99,63
32,97,No,5,82,74
20,79,Yes,7,87,66
16,61,No,8,91,63
21,88,Yes,6,90,72
19,79,No,7,100,69
19,65,Yes,9,91,67
24,69,No,5,83,66
25,63,No,7,69,64
17,83,No,9,80,67
17,85,No,7,94,69
18,80,Yes,6,65,65
6,93,No,7,52,64
11,94,Yes,8,66,65
28,85,Yes,7,98,72
30,61,Yes,8,90,66
19,88,No,7,59,66
23,77,Yes,7,51,67
22,83,Yes,8,83,69
38,86,Yes,7,79,73
27,74,No,6,54,69
19,97,No,8,98,68
14,65,Yes,7,81,61
10,87,Yes,6,83,63
21,60,Yes,8,93,63
15,97,Yes,9,67,68
11,65,No,7,78,63
16,64,Yes,7,79,66
14,73,Yes,5,98,65
30,75,No,7,57,68
25,69,Yes,7,88,66
20,83,No,7,79,66
29,78,No,6,92,70
20,61,Yes,8,92,61
15,73,Yes,7,51,61
29,92,Yes,10,63,71
23,88,Yes,7,59,67
14,89,Yes,4,73,70
19,88,No,5,95,69
15,72,No,8,50,65
12,64,Yes,6,74,61
26,71,No,6,94,68
31,93,Yes,5,96,74
12,99,No,6,83,67
23,80,Yes,7,91,70
16,60,Yes,8,66,59
17,66,No,5,64,64
16,73,Yes,8,52,66
15,83,Yes,5,75,63
20,63,Yes,8,73,61
15,98,Yes,8,69,68
22,75,No,6,56,65
20,97,No,5,62,69
19,91,Yes,8,60,68
15,90,Yes,6,97,69
17,84,Yes,7,98,67
25,85,No,8,50,70
23,86,Yes,8,59,68
14,85,No,6,94,67
21,82,No,7,52,67
25,99,Yes,6,97,75
10,89,Yes,8,69,63
23,91,No,9,77,70
16,95,Yes,6,88,70
23,69,Yes,7,62,64
15,63,No,8,55,59
9,79,No,7,90,63
10,81,Yes,8,99,67
20,93,Yes,7,83,68
22,78,Yes,5,91,68
15,83,No,7,97,97
24,81,No,9,61,66
10,62,No,7,68,61
20,85,No,9,61,70
13,93,Yes,4,53,65
16,66,Yes,8,87,64
20,84,Yes,6,57,69
15,84,No,6,55,64
18,67,Yes,9,68,61
26,65,No,7,53,64
17,99,No,6,59,68
25,76,No,8,53,67
13,69,No,4,94,62
23,67,Yes,9,89,66
29,87,Yes,10,93,72
5,84,Yes,8,93,68
15,86,Yes,8,97,71
23,64,Yes,7,59,65
19,96,Yes,5,95,68
22,76,No,9,76,65
16,73,Yes,8,58,64
21,78,No,8,83,65
19,76,Yes,8,66,65
27,95,No,7,52,73
22,97,Yes,6,54,72
22,72,Yes,10,71,64
18,95,Yes,7,91,69
17,91,No,6,66,69
17,97,Yes,9,88,70
22,70,No,7,53,83
17,83,No,7,70,68
22,71,Yes,9,56,84
32,93,Yes,8,93,75
25,60,No,8,98,67
18,83,Yes,5,66,69
27,74,No,8,99,71
18,73,Yes,5,88,66
8,86,No,6,50,65
14,94,No,7,74,70
9,84,No,7,92,66
18,94,Yes,8,77,74
20,71,No,8,77,66
30,81,No,8,72,68
22,78,Yes,5,70,68
19,60,No,10,51,62
25,82,Yes,7,81,71
7,86,No,9,88,63
21,84,No,4,90,69
25,89,Yes,7,81,71
11,83,Yes,5,67,66
27,63,No,6,51,64
22,65,Yes,7,95,65
18,84,No,6,71,69
24,71,No,9,80,66
34,63,Yes,10,60,67
21,77,Yes,6,57,65
21,82,Yes,6,54,65
17,73,No,5,90,67
15,89,Yes,9,82,66
25,86,Yes,7,81,69
15,73,No,7,96,64
20,90,Yes,7,58,70
17,86,Yes,7,59,68
23,85,Yes,6,59,68
22,82,Yes,7,71,69
26,60,Yes,7,94,68
17,88,Yes,8,94,70
18,75,Yes,5,80,67
14,98,Yes,7,83,72
17,93,No,6,95,69
22,84,No,7,81,69
25,70,Yes,8,61,64
14,68,Yes,6,85,63
25,74,Yes,9,88,70
28,79,Yes,4,82,70
22,72,Yes,9,64,66
31,81,No,9,70,70
15,67,Yes,6,74,66
13,99,Yes,6,57,68
9,64,No,5,73,61
29,97,No,8,58,72
24,97,No,7,75,69
20,81,Yes,6,53,63
22,89,Yes,5,97,72
13,77,Yes,10,62,65
35,85,Yes,6,73,74
21,74,Yes,7,52,62
21,72,No,7,60,65
24,83,No,6,85,68
23,80,Yes,6,56,66
21,83,Yes,6,81,71
15,71,No,8,50,62
23,75,Yes,6,73,65
31,63,No,9,86,68
28,62,No,6,96,70
30,70,No,8,75,67
17,63,No,4,92,63
14,64,Yes,6,90,63
19,93,No,6,65,69
20,62,Yes,5,94,66
27,86,Yes,7,82,70
10,71,Yes,7,55,63
29,95,Yes,4,97,72
19,79,Yes,10,59,65
17,72,Yes,7,74,67
14,81,Yes,7,73,63
10,75,No,9,81,65
25,83,Yes,8,83,67
20,65,Yes,7,62,80
12,100,Yes,4,68,68
12,77,Yes,8,57,63
18,74,No,6,56,64
30,88,No,9,91,73
18,75,Yes,6,88,66
11,93,Yes,6,72,66
19,78,No,5,55,66
18,89,Yes,5,72,69
4,64,Yes,7,65,59
20,94,No,7,89,68
19,89,No,6,55,67
24,68,Yes,10,73,64
31,66,Yes,8,80,65
27,73,No,7,99,68
18,99,Yes,4,54,70
13,70,No,8,56,62
35,78,Yes,10,99,72
20,61,Yes,7,70,62
20,76,Yes,6,87,68
20,83,No,7,89,69
21,98,No,5,66,73
19,81,No,8,61,69
17,93,Yes,9,64,67
17,82,No,6,88,65
20,62,No,6,92,63
17,73,Yes,7,85,66
16,83,No,6,72,66
21,98,No,5,63,70
18,94,No,6,71,69
29,69,No,6,96,70
4,69,No,9,93,58
27,68,No,9,66,67
27,97,Yes,9,66,73
8,94,No,8,89,66
18,91,Yes,7,71,70
18,76,No,6,79,67
12,80,No,9,71,60
15,79,No,8,62,65
13,70,No,5,59,63
31,80,Yes,6,57,72
26,61,Yes,5,51,62
28,65,Yes,4,64,70
24,95,Yes,8,59,70
13,90,No,5,63,64
17,77,Yes,6,54,64
23,81,Yes,7,67,67
13,75,Yes,7,76,64
24,90,Yes,6,97,72
19,91,No,9,67,66
18,91,No,5,52,66
24,89,Yes,5,68,71
23,68,No,8,91,66
18,74,Yes,6,67,64
27,79,No,6,65,66
14,73,Yes,5,96,62
24,90,No,8,65,70
24,73,Yes,7,99,69
18,66,No,7,92,65
22,76,Yes,6,84,70
12,99,Yes,6,80,70
26,69,Yes,7,61,67
19,84,Yes,8,87,69
17,77,No,9,67,62
26,63,Yes,9,74,67
16,80,No,8,55,65
12,88,No,8,65,65
11,81,Yes,5,76,65
24,95,Yes,6,73,69
12,72,No,8,67,63
31,63,Yes,7,74,66
8,97,Yes,8,87,67
30,75,No,8,73,69
21,83,Yes,8,75,67
19,92,Yes,5,85,70
17,73,Yes,7,92,67
22,89,No,6,76,70
20,65,Yes,6,97,65
27,72,No,4,68,63
21,66,Yes,7,63,64
21,92,Yes,4,85,69
18,69,No,8,59,60
20,89,Yes,9,95,69
22,98,Yes,8,69,72
10,81,Yes,7,85,63
12,82,No,9,79,63
24,78,Yes,7,53,66
21,73,No,6,85,70
19,79,Yes,7,90,68
20,84,Yes,10,99,69
22,99,Yes,5,71,72
17,98,No,5,75,67
15,94,No,8,94,68
21,96,No,7,63,70
14,79,Yes,6,59,68
22,86,Yes,5,57,69
10,96,No,4,99,68
26,76,No,5,64,66
23,98,No,9,88,72
22,77,Yes,7,72,67
26,84,No,4,62,70
30,88,Yes,9,96,73
26,98,Yes,9,73,73
9,70,No,9,78,60
12,90,No,6,61,67
16,81,Yes,7,66,69
20,71,No,7,87,65
23,91,Yes,9,67,70
16,82,Yes,6,75,68
21,86,No,6,56,66
15,73,Yes,8,93,65
16,79,Yes,9,87,64
12,85,Yes,7,88,67
14,76,Yes,8,59,65
12,68,Yes,7,75,64
14,98,No,7,51,67
26,80,Yes,6,66,70
14,89,Yes,5,67,63
36,76,No,6,96,71
23,74,No,6,100,68
21,76,No,7,81,67
15,76,Yes,9,76,67
24,82,Yes,7,72,68
17,82,No,6,51,66
21,80,Yes,8,90,68
35,65,Yes,7,84,70
19,80,No,8,82,67
27,67,Yes,6,90,67
16,65,No,9,96,62
20,97,No,9,69,67
31,84,No,7,71,70
16,86,No,8,99,72
31,76,Yes,9,83,70
24,96,No,6,93,94
17,86,No,7,61,66
24,91,Yes,7,66,69
26,75,No,5,70,68
24,98,No,8,66,71
11,93,No,9,94,69
16,94,No,7,76,67
19,67,Yes,8,98,64
20,71,Yes,9,66,63
24,71,Yes,6,52,66
21,71,Yes,8,57,66
12,94,Yes,6,61,69
22,61,Yes,6,82,64
24,63,No,8,59,62
23,71,Yes,7,69,66
26,68,Yes,8,90,70
25,69,Yes,7,56,67
23,92,No,8,54,68
20,83,No,9,77,67
10,60,No,9,85,62
23,77,Yes,8,96,67
21,76,Yes,8,83,68
22,65,No,7,97,64
12,87,Yes,7,62,64
14,88,No,8,67,66
26,89,Yes,7,92,72
20,89,Yes,8,91,72
24,60,Yes,9,83,66
20,98,No,7,75,72
20,93,Yes,4,51,69
26,96,Yes,10,64,72
17,61,Yes,6,58,60
21,97,Yes,7,53,69
17,92,No,8,89,68
17,93,Yes,9,57,69
18,64,Yes,10,68,62
21,90,Yes,6,99,71
17,98,Yes,9,70,70
28,87,Yes,7,57,68
15,83,Yes,10,84,68
19,98,No,9,90,70
17,78,No,7,64,65
29,84,Yes,6,90,73
21,79,No,4,64,66
26,97,No,8,85,71
11,63,Yes,9,56,62
22,80,Yes,8,71,68
25,87,No,4,76,70
20,92,No,5,86,68
26,83,Yes,8,83,71
17,96,Yes,10,93,70
28,98,Yes,7,59,72
34,63,Yes,9,83,69
18,76,No,5,56,63
17,61,No,7,74,62
29,73,No,7,76,68
29,81,Yes,9,51,70
17,96,Yes,6,54,69
17,94,No,10,92,68
18,65,Yes,7,64,65
12,64,No,5,67,59
14,84,No,5,82,66
14,81,No,6,61,64
15,71,No,8,60,63
20,96,No,6,71,72
21,97,Yes,6,53,67
29,76,No,8,96,94
14,96,Yes,4,97,70
26,75,No,6,72,66
19,89,Yes,5,60,69
20,79,Yes,6,74,64
24,65,No,7,55,63
13,97,No,7,70,71
22,78,No,7,54,65
21,89,Yes,9,85,68
23,75,No,7,64,64
22,61,Yes,10,76,64
35,64,Yes,8,51,66
16,80,No,6,76,68
17,88,No,10,50,67
16,73,Yes,7,96,66
17,88,Yes,10,75,68
16,88,No,7,55,66
27,88,No,7,67,71
29,80,Yes,8,52,71
17,97,No,7,77,68
15,80,No,9,56,64
23,78,Yes,10,74,67
17,68,Yes,4,65,64
24,72,Yes,8,88,68
21,62,No,6,74,62
11,85,Yes,4,92,64
29,70,No,8,97,70
31,72,No,8,98,68
16,91,No,8,63,69
18,73,Yes,8,88,65
22,70,Yes,8,72,67
22,67,No,6,71,65
24,91,No,7,93,71
32,65,Yes,8,57,65
19,78,Yes,9,74,66
15,80,No,7,80,65
12,87,Yes,7,53,65
16,85,No,7,93,68
20,92,Yes,5,66,68
31,62,No,8,83,67
17,72,Yes,5,96,65
21,71,No,8,86,66
20,66,Yes,7,94,63
27,72,Yes,5,53,70
35,72,Yes,5,75,72
17,81,No,6,78,67
17,87,Yes,6,84,67
26,75,Yes,9,56,66
24,89,No,7,83,66
31,73,Yes,8,57,69
24,72,Yes,9,53,62
18,82,No,9,73,66
24,61,No,7,80,64
27,63,Yes,6,98,67
25,77,No,8,85,71
23,98,Yes,6,80,73
26,89,Yes,10,61,68
27,64,Yes,8,58,66
28,94,Yes,7,80,75
24,89,Yes,8,61,72
19,84,Yes,7,85,68
21,93,Yes,6,56,68
27,76,Yes,8,67,69
15,69,Yes,7,89,63
22,80,Yes,10,92,70
18,82,Yes,6,67,66
20,82,Yes,8,60,66
28,83,No,6,98,72
21,98,No,6,88,71
20,96,No,4,90,72
12,95,No,8,61,69
24,92,Yes,6,71,71
24,98,No,9,53,69
33,64,No,8,55,68
18,71,Yes,7,61,61
21,80,No,5,65,68
21,94,Yes,8,100,72
29,80,Yes,6,71,70
19,90,Yes,5,85,73
22,66,No,8,95,67
24,70,No,5,62,65
21,89,No,4,57,68
17,67,Yes,9,62,65
21,74,No,6,94,97
26,71,Yes,4,83,66
14,74,Yes,6,73,67
21,88,No,6,91,70
16,75,Yes,9,62,66
27,82,Yes,5,62,69
11,64,Yes,5,78,62
17,92,Yes,8,90,68
22,75,Yes,6,63,67
29,86,Yes,7,61,68
20,89,Yes,6,74,69
17,68,Yes,10,57,62
31,95,Yes,5,87,75
11,85,No,7,79,65
7,77,No,9,76,63
23,67,No,6,94,66
17,98,No,6,87,71
14,90,Yes,8,57,66
24,68,No,9,71,66
21,74,No,6,66,66
17,92,Yes,9,90,71
12,88,Yes,7,86,68
25,91,No,8,74,71
24,78,Yes,9,91,68
19,89,No,8,71,68
31,75,No,7,90,68
14,68,Yes,6,52,62
11,85,Yes,10,57,65
16,99,No,6,88,71
20,72,Yes,7,56,63
21,78,No,8,84,68
19,87,Yes,8,86,69
22,82,No,10,83,69
12,94,Yes,7,91,71
29,90,No,7,76,71
20,62,Yes,9,95,62
27,100,Yes,7,78,70
22,90,No,8,75,70
23,95,Yes,7,75,73
23,86,Yes,8,96,71
23,94,Yes,8,62,69
24,64,Yes,6,85,66
28,74,Yes,4,62,65
21,95,No,4,55,71
24,68,Yes,4,98,68
19,63,Yes,7,56,64
29,92,Yes,4,84,71
16,93,No,7,71,67
31,67,No,7,92,66
20,94,Yes,8,89,71
11,87,No,8,57,62
21,81,No,8,73,67
16,93,Yes,8,51,67
25,77,Yes,7,71,66
16,68,Yes,7,85,64
17,71,Yes,6,62,62
9,80,No,7,91,65
17,81,Yes,5,53,63
5,92,Yes,9,52,64
10,92,Yes,6,51,65
25,83,No,7,64,68
25,91,Yes,7,73,72
23,68,Yes,9,55,64
14,62,No,4,100,62
20,95,Yes,7,100,69
20,63,Yes,8,76,64
13,70,No,10,78,61
29,88,No,7,96,72
25,76,Yes,6,88,66
19,95,No,10,58,69
20,72,No,8,90,65
21,60,Yes,9,62,64
8,72,Yes,5,72,62
19,83,No,8,77,66
16,75,Yes,5,86,62
14,81,Yes,5,58,66
18,95,No,8,54,70
31,96,Yes,8,93,75
24,71,Yes,6,91,67
17,78,Yes,9,76,66
23,82,No,6,83,71
28,98,Yes,7,86,75
26,100,No,7,74,72
20,69,No,7,63,64
16,89,Yes,9,74,65
24,75,No,5,98,67
22,60,No,6,92,63
25,60,Yes,5,73,62
24,78,Yes,10,61,69
26,80,Yes,7,94,70
17,61,Yes,6,82,63
28,87,Yes,7,70,71
21,72,Yes,8,56,63
32,82,Yes,8,88,71
16,72,Yes,6,66,63
30,67,Yes,6,80,68
21,76,Yes,5,78,65
16,69,Yes,7,85,66
17,81,Yes,9,77,66
18,68,No,6,82,66
23,80,Yes,8,54,65
23,66,No,6,83,66
17,87,Yes,5,60,67
20,90,No,8,70,68
33,64,Yes,10,76,68
30,79,No,8,84,69
23,63,Yes,6,87,64
20,84,No,6,85,67
21,71,Yes,10,55,63
24,81,Yes,7,69,67
14,81,Yes,6,64,64
18,97,No,7,70,66
10,82,No,7,82,65
22,83,Yes,8,60,68
24,76,No,9,75,66
17,98,No,9,94,71
29,91,Yes,7,87,74
13,71,No,7,86,65
11,94,Yes,8,92,68
21,77,Yes,6,70,68
26,93,No,8,88,72
30,93,Yes,7,53,74
17,68,No,8,53,61
26,88,No,10,67,65
20,72,No,8,60,63
19,72,Yes,7,76,66
25,72,Yes,6,59,66
24,89,Yes,7,99,73
11,69,No,5,93,63
29,60,Yes,8,99,68
28,89,Yes,4,90,73
16,67,Yes,8,98,63
22,64,Yes,8,68,65
23,70,Yes,7,75,66
22,75,Yes,6,62,65
17,79,Yes,7,82,66
16,62,No,4,89,65
20,99,No,8,75,70
27,89,No,7,65,70
23,73,Yes,9,75,68
18,73,No,8,53,64
25,78,No,7,86,68
3,85,No,8,73,62
27,66,Yes,6,95,68
10,68,No,6,96,61
18,94,Yes,7,56,69
13,70,Yes,7,100,65
12,75,Yes,6,98,65
27,95,No,7,81,72
17,87,Yes,7,91,70
22,74,Yes,10,51,65
20,87,No,7,99,69
23,61,Yes,6,73,65
20,89,Yes,7,95,69
12,79,Yes,9,69,65
26,93,Yes,9,89,72
17,98,Yes,10,71,70
11,97,Yes,7,68,64
17,96,No,8,97,67
29,80,No,5,85,69
25,74,Yes,6,92,70
18,79,Yes,5,77,65
18,88,Yes,8,96,69
18,95,Yes,7,87,74
32,68,Yes,7,54,66
22,97,Yes,6,88,72
23,93,Yes,8,51,67
26,99,Yes,4,91,75
21,95,Yes,7,67,70
18,71,No,7,80,63
19,64,No,4,87,65
20,64,No,8,82,64
20,72,No,7,84,65
24,85,Yes,8,95,70
20,92,No,10,69,67
24,96,Yes,7,77,67
20,85,No,8,59,68
20,60,No,9,73,65
8,67,Yes,8,58,61
25,64,Yes,6,82,63
22,75,Yes,5,66,80
26,80,Yes,8,93,69
3,62,No,6,67,55
33,74,No,9,64,70
19,67,Yes,6,75,65
27,86,Yes,7,59,68
14,79,Yes,5,60,64
24,80,No,6,89,69
14,77,No,6,75,89
16,98,Yes,6,60,67
31,69,No,7,52,92
19,81,No,6,73,67
21,89,Yes,10,87,70
25,82,No,8,68,68
23,97,Yes,9,62,70
21,75,Yes,7,70,67
22,79,Yes,7,98,69
34,64,No,6,71,67
20,84,Yes,10,63,69
21,72,No,7,78,63
26,66,No,6,91,69
27,82,No,6,51,66
27,81,No,8,78,68
24,63,Yes,9,92,69
13,88,Yes,9,61,66
30,85,Yes,6,96,72
13,68,Yes,6,79,62
22,79,No,9,76,67
15,89,No,10,98,67
20,81,Yes,7,56,67
22,76,No,9,87,65
22,73,No,5,91,67
23,84,No,6,74,66
30,98,Yes,5,50,70
23,87,No,8,76,71
19,63,Yes,7,58,64
26,78,Yes,7,78,69
27,96,Yes,9,87,72
13,64,Yes,6,77,60
24,100,Yes,7,82,71
24,98,Yes,5,55,71
18,63,No,9,55,66
28,97,No,9,93,74
19,75,No,8,52,64
21,94,Yes,7,64,68
19,77,No,6,97,66
20,78,No,5,73,65
13,85,Yes,7,84,64
11,91,No,8,61,65
30,61,No,10,64,69
15,84,Yes,6,75,68
14,67,No,7,82,62
7,74,No,9,98,63
16,74,No,9,79,65
12,79,No,6,55,62
30,73,No,7,68,67
26,64,No,6,62,64
16,66,No,6,63,61
34,61,No,9,75,65
26,79,No,7,66,67
18,98,No,7,64,70
5,65,Yes,7,98,59
34,98,No,7,79,75
12,89,Yes,7,63,67
10,85,Yes,6,64,64
26,86,Yes,9,91,72
35,93,Yes,6,94,76
28,64,Yes,6,84,69
23,80,No,7,72,65
24,88,No,10,88,72
25,83,Yes,6,97,69
25,93,No,8,58,71
22,63,No,7,93,64
21,88,Yes,7,92,74
20,81,Yes,8,68,68
15,75,Yes,4,65,66
18,74,No,6,78,65
10,85,Yes,8,64,67
19,96,No,7,57,69
14,80,Yes,7,98,66
13,93,Yes,8,75,69
21,76,Yes,6,74,67
28,64,Yes,9,56,64
26,62,No,8,75,67
11,62,Yes,7,87,61
14,75,Yes,8,62,61
26,73,Yes,9,68,68
14,89,No,6,59,66
19,90,No,8,68,66
23,62,No,10,93,68
14,69,No,8,62,63
21,71,Yes,7,51,66
12,82,Yes,10,77,66
16,66,Yes,7,79,66
22,65,Yes,9,66,65
10,98,Yes,6,82,69
23,92,No,9,52,71
20,67,No,6,67,66
23,76,Yes,7,57,66
21,74,Yes,6,61,65
28,92,No,10,69,71
21,80,No,7,75,69
17,65,Yes,5,55,61
21,90,Yes,7,55,70
23,76,No,8,84,70
20,71,No,7,70,65
20,75,Yes,6,59,64
16,80,Yes,9,62,68
16,74,Yes,9,86,63
12,70,No,5,53,63
30,76,Yes,6,75,71
13,61,No,7,68,58
16,91,Yes,6,91,68
16,67,No,8,90,65
25,62,No,10,84,65
18,86,Yes,6,69,68
27,91,Yes,9,82,69
16,93,Yes,5,82,71
22,80,No,8,67,65
15,68,Yes,6,94,64
33,89,No,8,99,75
13,88,No,4,66,67
22,70,Yes,5,90,68
24,96,No,8,75,72
22,64,No,6,73,67
19,99,No,7,69,72
19,94,Yes,10,65,69
20,88,No,7,96,68
19,98,Yes,8,87,70
26,89,No,6,72,69
33,68,Yes,5,88,67
17,78,No,7,86,63
12,63,No,5,63,61
19,76,Yes,6,59,66
35,90,Yes,7,92,73
15,75,Yes,7,91,67
30,73,Yes,8,100,72
30,84,No,8,51,69
17,95,No,5,77,69
23,62,Yes,6,85,63
30,75,Yes,4,79,67
18,66,No,6,86,63
19,88,Yes,8,57,66
17,64,No,9,50,62
14,87,Yes,7,55,68
16,71,No,9,69,65
13,68,Yes,8,66,59
20,97,Yes,7,94,72
15,61,Yes,6,54,63
21,78,No,4,72,68
11,61,Yes,9,98,61
22,79,No,7,75,65
25,80,Yes,9,57,68
8,73,Yes,6,65,61
22,65,Yes,10,81,63
27,75,Yes,7,51,67
13,87,Yes,6,98,66
30,91,Yes,7,78,75
23,81,No,7,85,68
16,84,No,7,75,65
20,68,No,6,98,64
23,71,Yes,4,79,67
20,66,Yes,6,83,64
23,70,Yes,9,93,67
14,69,Yes,6,93,63
21,81,Yes,4,51,67
12,83,Yes,5,64,65
19,98,Yes,7,62,70
15,68,Yes,6,50,62
16,86,Yes,7,94,69
27,93,Yes,6,66,70
27,82,Yes,9,67,68
24,70,No,8,55,68
13,71,Yes,10,99,64
18,62,Yes,6,91,63
27,72,Yes,7,79,68
21,90,Yes,9,89,67
34,62,No,8,89,68
22,69,Yes,6,83,66
21,88,Yes,8,59,67
18,91,No,8,86,69
21,78,Yes,4,78,68
19,88,No,6,86,70
24,76,No,7,77,68
26,66,Yes,9,98,66
15,76,Yes,8,81,67
12,83,No,6,79,65
9,98,No,6,92,67
23,63,No,8,69,63
13,80,Yes,4,66,64
7,73,Yes,6,75,64
22,80,No,9,79,66
35,61,Yes,7,61,68
20,73,Yes,6,84,67
25,93,No,5,90,72
20,82,Yes,8,79,67
19,78,No,7,76,66
26,71,No,7,65,66
18,72,Yes,8,95,67
22,75,No,7,88,65
22,93,No,7,74,70
16,99,Yes,5,83,69
26,78,Yes,5,67,69
19,76,Yes,8,53,66
15,94,No,8,60,66
23,77,Yes,8,54,67
15,82,Yes,6,75,67
20,69,Yes,8,81,67
20,90,Yes,6,69,72
27,81,Yes,9,77,68
23,92,Yes,6,54,70
20,91,Yes,6,88,69
25,69,Yes,7,52,65
28,89,No,8,82,72
23,92,No,7,72,69
20,74,Yes,7,59,68
12,67,No,6,76,62
14,60,Yes,7,89,60
18,78,Yes,7,71,67
16,74,Yes,6,68,67
19,82,Yes,7,57,67
20,68,Yes,7,80,63
23,94,Yes,10,91,71
20,70,Yes,6,78,66
23,69,Yes,6,58,65
20,79,Yes,7,83,69
8,80,No,6,52,63
14,69,Yes,5,92,64
19,71,No,5,96,67
13,67,Yes,6,80,62
24,89,Yes,6,94,68
29,91,No,5,54,71
27,78,No,7,61,66
19,89,Yes,4,66,69
29,89,Yes,8,89,71
21,66,Yes,6,74,66
18,99,No,6,67,72
16,93,Yes,8,58,70
18,68,No,8,91,65
18,67,No,6,51,64
21,65,Yes,8,67,63
21,66,No,9,62,63
20,90,No,5,56,66
23,79,Yes,8,59,68
27,91,Yes,5,75,74
26,90,No,9,71,71
11,84,Yes,6,76,67
5,87,No,6,86,66
26,61,Yes,9,95,67
12,72,Yes,8,56,62
19,86,No,6,54,68
13,60,Yes,7,66,62
9,61,Yes,6,77,82
23,94,No,5,55,70
25,87,No,7,86,72
17,71,Yes,6,78,64
4,88,No,6,87,66
17,92,Yes,9,68,68
22,72,No,6,70,64
11,61,Yes,7,90,61
21,97,Yes,9,63,69
20,74,No,7,69,68
23,64,No,6,51,64
21,80,No,7,78,67
14,91,Yes,8,93,67
27,69,No,8,51,65
19,71,Yes,10,81,68
20,70,Yes,6,92,67
14,100,No,7,75,67
17,68,Yes,5,66,64
15,83,Yes,8,100,70
19,97,No,7,53,69
30,66,No,7,61,66
12,99,No,6,94,69
10,98,Yes,6,65,66
29,95,Yes,7,91,73
19,69,Yes,6,67,66
16,85,Yes,7,91,69
26,90,Yes,7,84,70
16,99,Yes,5,73,71
31,67,Yes,5,76,70
24,91,Yes,6,59,69
17,74,No,9,56,63
33,67,Yes,6,86,71
16,77,No,7,92,67
24,92,Yes,5,86,73
22,79,Yes,6,96,68
28,82,Yes,5,95,69
29,100,Yes,8,89,76
20,76,Yes,5,95,68
15,85,No,8,58,65
23,75,Yes,8,87,66
16,76,No,7,88,65
32,88,No,8,58,69
21,98,Yes,10,95,71
18,82,Yes,8,50,66
21,91,No,5,72,69
12,64,No,9,51,59
14,68,No,7,76,65
27,80,No,10,71,72
16,61,Yes,6,81,60
14,70,Yes,9,88,64
23,81,No,7,88,69
27,61,Yes,10,86,70
24,71,Yes,7,55,67
26,81,No,10,71,67
15,83,Yes,8,91,64
11,97,Yes,8,83,68
29,86,No,10,84,72
18,77,Yes,6,61,65
18,97,No,8,66,70
28,91,No,7,98,75
23,68,Yes,7,92,65
23,65,Yes,7,58,63
33,87,No,8,77,71
16,82,Yes,8,75,66
26,92,Yes,6,72,69
20,90,No,7,74,68
22,85,No,4,82,71
29,99,Yes,8,98,77
23,81,Yes,10,94,70
23,65,No,7,94,66
26,93,No,5,85,73
18,70,Yes,8,51,62
15,91,No,6,72,65
14,98,Yes,7,76,71
8,88,Yes,8,92,66
32,84,Yes,8,96,72
13,78,Yes,9,73,64
19,75,No,7,65,63
18,74,Yes,7,67,63
22,85,No,8,79,72
25,90,Yes,7,64,71
25,87,Yes,6,96,72
17,68,Yes,8,71,65
19,80,Yes,5,100,67
22,92,Yes,7,55,68
19,79,Yes,5,59,66
30,81,No,6,76,72
23,91,No,6,93,71
24,86,No,6,68,70
24,76,No,9,92,68
27,96,No,9,71,72
21,67,Yes,9,93,66
12,100,No,7,64,69
22,65,Yes,6,74,65
16,61,No,8,64,62
17,96,No,7,61,69
24,70,Yes,7,71,65
27,89,No,4,67,69
20,92,Yes,8,89,69
22,94,Yes,8,87,73
30,100,Yes,7,68,75
21,72,Yes,8,100,70
36,88,No,8,99,74
23,65,Yes,6,96,65
9,76,No,7,79,63
25,94,No,5,71,74
22,75,Yes,9,66,67
28,84,Yes,8,51,71
24,80,Yes,6,82,68
19,86,No,8,78,69
13,99,No,7,81,71
19,62,Yes,6,79,66
15,83,Yes,7,57,65
17,95,Yes,8,85,66
24,79,Yes,8,68,65
30,63,No,10,76,67
22,82,No,7,68,70
13,73,Yes,7,51,63
23,66,No,8,94,64
27,94,Yes,7,57,71
16,81,Yes,6,79,68
19,97,No,6,94,72
20,92,Yes,4,61,71
15,88,Yes,8,71,64
24,60,Yes,5,69,64
19,77,Yes,6,54,66
23,68,Yes,7,71,68
15,96,No,7,74,68
17,67,Yes,10,51,65
24,71,Yes,5,74,67
18,81,Yes,10,55,64
30,71,Yes,9,95,70
18,68,Yes,8,83,65
21,84,No,9,53,65
26,64,No,8,91,68
11,62,Yes,4,68,61
9,75,No,8,61,63
11,89,Yes,5,63,65
28,82,Yes,6,80,69
17,77,No,7,54,64
35,83,No,6,53,69
17,75,Yes,8,81,67
21,97,Yes,7,99,74
29,62,Yes,8,74,66
32,87,Yes,7,71,72
32,96,Yes,7,97,73
27,92,No,6,62,73
26,67,Yes,5,62,63
24,72,Yes,7,95,69
25,89,Yes,6,82,71
17,63,No,9,53,63
15,92,Yes,5,84,69
20,89,Yes,10,91,72
19,89,Yes,7,64,68
17,64,No,7,69,62
24,89,Yes,6,60,68
26,87,Yes,8,82,71
21,93,Yes,7,83,67
29,62,Yes,7,53,65
13,61,Yes,8,84,60
19,75,Yes,8,83,68
16,66,Yes,9,52,59
9,82,No,8,78,64
20,97,Yes,6,81,71
19,76,No,4,72,68
29,94,Yes,7,95,70
24,60,No,7,66,62
14,67,No,10,53,62
31,61,No,7,84,68
27,73,No,8,80,68
23,96,Yes,8,99,74
19,64,No,8,62,61
14,84,Yes,8,70,67
18,78,No,6,73,65
27,98,Yes,6,93,101
31,65,Yes,7,71,65
29,68,No,4,89,67
17,61,Yes,7,58,61
13,77,No,6,70,64
21,71,No,7,58,64
9,95,Yes,7,97,67
22,84,Yes,5,59,69
19,85,Yes,9,71,69
17,81,No,7,54,67
10,64,No,8,96,62
23,78,No,7,81,66
17,100,No,8,98,72
13,93,Yes,5,52,67
3,96,Yes,9,59,66
20,93,Yes,8,69,67
31,64,Yes,7,81,67
30,69,Yes,7,66,68
17,60,Yes,9,86,63
16,72,No,6,58,62
23,64,Yes,5,80,65
14,79,Yes,6,70,65
22,87,Yes,7,75,70
25,95,No,7,78,73
27,90,Yes,9,53,73
19,98,Yes,6,96,68
19,62,No,6,89,63
15,60,Yes,5,72,62
15,86,Yes,8,77,69
19,72,No,5,52,66
22,70,Yes,8,75,68
25,73,Yes,6,71,67
15,71,Yes,6,69,65
29,80,Yes,10,91,70
18,78,Yes,9,59,64
20,80,Yes,7,59,65
16,87,No,5,76,67
5,75,Yes,10,84,62
25,70,Yes,7,51,66
24,67,Yes,7,77,68
18,74,No,8,65,64
20,90,No,4,88,69
23,90,Yes,6,73,69
11,87,Yes,7,92,67
17,69,Yes,7,70,61
25,84,Yes,5,91,70
12,83,Yes,7,86,65
22,79,Yes,7,91,66
12,82,Yes,10,91,66
23,80,Yes,9,74,69
20,83,Yes,7,68,67
10,89,Yes,7,88,71
27,64,Yes,9,68,68
16,90,No,7,54,67
15,65,No,5,93,63
21,63,No,10,70,64
27,99,Yes,6,57,73
14,98,Yes,10,82,69
20,62,No,8,94,65
23,78,Yes,6,93,70
24,67,Yes,4,78,67
21,79,Yes,8,54,67
18,93,Yes,5,85,70
15,98,No,8,80,69
21,85,No,10,61,68
14,74,No,5,95,66
2,84,No,8,54,62
23,72,Yes,6,69,67
25,96,Yes,9,55,71
6,95,Yes,7,96,68
14,82,Yes,7,52,66
24,73,Yes,9,71,64
32,72,Yes,8,93,71
20,61,Yes,6,63,61
16,93,No,10,55,67
19,78,Yes,5,56,65
28,73,Yes,7,70,66
16,79,Yes,6,71,68
15,93,No,5,86,66
17,65,No,5,62,63
14,94,Yes,7,85,66
21,96,No,8,100,73
30,98,Yes,9,93,88
22,76,No,9,82,67
18,69,Yes,7,97,69
18,75,Yes,6,100,67
11,73,Yes,9,79,64
25,67,Yes,6,64,64
20,84,No,5,96,65
19,79,No,8,92,68
39,95,Yes,9,54,77
22,61,Yes,6,97,63
15,86,Yes,10,68,69
17,91,Yes,8,66,69
27,90,No,8,67,70
21,95,Yes,6,66,73
11,89,Yes,9,76,66
26,97,No,5,79,71
16,73,Yes,6,71,66
31,80,Yes,6,71,71
26,61,Yes,5,87,66
17,60,Yes,8,50,63
28,70,Yes,8,97,70
20,64,Yes,8,86,66
25,70,No,7,85,66
23,67,No,8,71,66
15,61,No,7,98,62
16,96,No,6,50,69
26,60,Yes,6,54,63
18,89,Yes,4,90,68
18,66,No,9,87,64
14,96,Yes,9,64,69
23,96,Yes,10,80,71
32,86,Yes,6,77,71
14,87,No,6,76,66
20,60,Yes,4,80,63
28,99,Yes,8,100,72
20,95,Yes,8,99,70
23,96,No,9,99,71
14,86,Yes,6,77,65
23,74,Yes,8,66,65
19,96,No,6,78,67
26,72,No,9,81,68
27,83,Yes,8,66,70
36,64,Yes,5,82,70
23,97,Yes,7,81,72
22,66,No,4,95,65
21,69,Yes,5,62,65
18,82,Yes,5,85,71
22,91,Yes,6,73,74
18,85,No,7,56,64
21,69,No,7,66,64
28,60,Yes,7,53,65
14,90,Yes,7,66,67
27,99,No,7,53,73
28,92,No,5,96,72
19,78,No,7,55,65
7,96,No,9,91,67
16,76,Yes,7,95,66
28,81,Yes,8,73,70
20,79,No,8,53,66
14,78,Yes,8,80,66
17,91,Yes,7,62,68
25,81,Yes,8,59,68
23,73,No,8,78,67
19,70,Yes,8,68,65
18,62,Yes,8,87,64
18,83,No,5,80,70
14,69,No,5,91,63
30,66,No,6,53,65
18,86,Yes,9,62,67
27,87,Yes,7,78,71
29,90,Yes,7,94,73
26,80,No,4,91,67
17,96,Yes,7,84,72
22,97,No,7,79,71
20,92,Yes,4,82,72
15,85,Yes,7,61,68
22,72,Yes,5,80,65
13,99,No,6,75,68
27,71,No,8,69,67
17,68,No,7,94,66
21,78,Yes,6,91,64
22,62,No,6,54,65
18,99,No,6,99,69
24,84,Yes,7,61,68
17,82,No,5,61,69
25,86,Yes,9,97,70
12,80,No,5,72,65
21,61,No,4,90,63
32,84,Yes,8,64,71
14,89,Yes,6,94,68
16,77,Yes,7,92,70
23,90,Yes,8,76,72
21,69,Yes,6,85,64
22,69,No,7,98,64
23,66,Yes,8,73,66
24,75,Yes,9,75,69
27,94,No,6,86,71
22,93,Yes,6,69,69
19,75,No,8,98,67
24,84,Yes,7,52,66
31,89,No,7,70,71
19,70,Yes,9,86,63
14,67,No,4,71,62
27,99,No,5,63,73
19,85,No,4,71,66
7,99,Yes,9,94,72
25,74,Yes,8,77,67
17,88,No,5,67,65
19,69,Yes,7,84,66
22,70,Yes,7,81,68
21,80,Yes,4,78,69
24,73,Yes,7,70,68
17,67,Yes,5,54,61
23,71,Yes,8,81,68
18,61,Yes,5,71,64
24,88,Yes,7,71,67
24,80,Yes,9,62,68
14,64,No,8,62,61
27,67,No,8,89,66
17,64,Yes,7,74,64
25,85,No,5,55,67
22,64,No,6,52,64
31,90,No,7,61,72
19,61,No,7,74,62
18,70,Yes,5,81,63
20,96,No,8,57,70
18,89,No,5,72,69
25,63,Yes,9,54,64
10,93,No,7,52,66
14,80,Yes,8,93,67
14,94,Yes,8,83,71
26,84,Yes,10,89,70
30,87,No,7,59,69
19,100,No,6,66,68
19,69,Yes,6,72,64
20,85,Yes,9,83,70
27,78,Yes,5,77,69
14,62,Yes,6,78,63
21,61,No,7,58,60
26,65,No,7,74,65
23,86,No,8,91,67
21,83,No,5,75,66
26,82,No,7,60,68
4,61,Yes,7,71,58
24,79,Yes,5,88,67
16,97,Yes,8,57,68
9,76,Yes,7,79,62
23,85,No,7,98,69
28,91,Yes,6,69,73
19,91,No,6,52,66
26,81,Yes,5,82,67
30,94,No,8,52,71
28,76,Yes,9,60,66
30,96,Yes,10,52,74
24,70,No,8,59,67
20,71,No,6,93,68
10,62,No,6,87,61
19,92,No,8,67,69
15,77,Yes,7,95,65
33,69,Yes,7,83,71
19,69,No,7,72,61
21,96,Yes,9,53,70
23,93,No,6,87,70
20,82,Yes,9,69,69
30,85,Yes,7,65,70
16,79,Yes,6,64,67
21,76,No,6,50,63
16,97,No,7,87,70
12,65,No,8,57,61
16,77,Yes,6,76,64
20,74,Yes,8,51,65
17,80,No,6,81,65
16,78,Yes,7,68,66
12,81,Yes,5,82,66
20,66,Yes,8,54,63
11,81,Yes,7,63,66
25,70,Yes,9,56,64
20,67,No,8,82,65
11,63,No,7,55,62
18,91,Yes,9,81,71
15,77,Yes,8,57,63
22,85,No,9,97,70
28,89,Yes,6,71,70
9,87,No,8,56,65
21,79,Yes,8,52,66
19,76,Yes,5,66,66
24,75,No,9,95,68
21,86,No,5,57,68
15,80,Yes,5,90,69
18,94,Yes,4,71,71
15,95,Yes,8,90,69
26,67,Yes,5,94,68
20,65,Yes,6,100,67
31,85,No,8,53,72
20,72,Yes,7,90,68
16,61,Yes,6,53,60
11,96,No,5,66,68
9,69,Yes,7,82,65
10,97,No,8,72,67
22,89,No,8,78,70
23,91,Yes,10,98,70
11,68,No,6,91,61
25,69,Yes,5,68,68
17,81,No,7,80,67
21,67,No,7,52,62
30,72,No,7,73,66
25,73,Yes,6,80,69
18,66,Yes,4,86,66
15,68,Yes,5,95,64
7,92,No,8,64,66
16,67,No,7,95,63
19,61,Yes,8,83,62
14,85,Yes,8,54,65
19,99,No,8,69,68
20,73,Yes,8,74,65
19,65,Yes,7,68,63
16,83,Yes,7,56,68
21,96,Yes,4,78,72
23,91,No,6,57,69
13,85,No,6,96,66
28,73,Yes,7,93,68
19,82,No,6,74,64
20,64,Yes,8,53,61
24,87,No,6,78,67
21,89,Yes,9,80,68
26,99,No,6,94,74
22,70,Yes,6,53,67
16,61,Yes,6,85,64
22,82,No,6,78,69
13,88,Yes,9,59,63
21,92,No,7,56,67
20,68,Yes,7,85,65
19,70,Yes,6,67,67
19,81,No,7,100,68
9,73,Yes,7,95,62
17,94,Yes,7,78,70
21,79,Yes,7,82,67
21,92,Yes,9,58,89
14,83,Yes,7,95,65
28,91,Yes,5,73,69
15,73,No,7,76,64
26,93,No,6,94,74
23,71,No,8,50,64
16,82,No,7,75,64
31,69,Yes,9,81,67
13,79,Yes,6,58,63
26,73,Yes,7,53,68
26,71,Yes,5,77,66
16,99,Yes,7,77,68
28,66,No,5,67,68
18,91,No,7,94,69
22,99,No,7,65,71
22,61,Yes,7,76,65
19,88,Yes,8,59,67
25,70,No,7,51,65
25,62,No,5,71,65
10,76,No,6,76,80
28,97,Yes,7,88,74
10,60,No,7,72,59
26,84,No,7,64,69
27,80,Yes,9,80,66
13,95,Yes,7,69,66
18,63,No,8,62,65
13,87,Yes,4,96,67
19,87,No,8,77,69
18,87,Yes,10,60,68
25,98,Yes,9,84,73
28,93,Yes,6,90,71
28,62,Yes,10,88,67
17,79,Yes,7,80,67
19,76,No,7,76,66
10,72,No,7,89,63
15,78,No,7,85,65
26,75,Yes,4,79,67
30,77,Yes,8,83,69
13,99,Yes,7,58,67
16,64,Yes,7,51,66
20,97,Yes,7,97,74
22,79,No,6,97,69
15,85,Yes,7,89,66
23,93,Yes,9,69,69
17,74,Yes,8,58,63
20,77,Yes,7,68,65
23,76,No,7,86,64
20,75,No,7,67,64
17,97,Yes,6,90,69
19,93,No,7,84,73
19,64,Yes,8,81,62
18,64,Yes,7,97,62
18,77,Yes,6,95,68
30,64,No,7,86,66
23,85,Yes,8,60,68
18,66,Yes,5,97,66
24,81,Yes,6,61,69
18,60,Yes,5,69,62
27,73,No,7,91,68
22,87,No,8,60,67
19,79,No,9,82,65
23,99,No,9,73,69
11,95,No,6,81,67
13,74,Yes,7,98,64
13,62,Yes,6,90,62
21,94,Yes,9,65,71
30,96,Yes,9,53,72
33,93,Yes,7,98,74
24,65,No,6,79,66
23,100,Yes,4,59,72
9,70,No,5,81,65
17,89,Yes,4,52,67
15,96,Yes,5,59,70
16,69,Yes,10,82,62
19,96,Yes,5,70,66
17,72,Yes,5,66,65
8,99,Yes,6,83,70
24,71,Yes,10,93,69
14,98,Yes,7,84,70
21,62,No,8,73,66
32,88,Yes,7,83,73
14,81,No,4,85,69
5,79,Yes,9,89,66
18,69,Yes,8,65,65
27,88,No,7,56,70
32,68,No,10,84,70
13,82,No,6,56,67
23,70,Yes,7,73,68
17,98,Yes,6,62,68
19,61,No,9,67,61
36,68,Yes,8,74,70
11,70,No,7,95,65
22,77,Yes,5,84,66
23,69,Yes,6,59,67
27,80,Yes,5,94,69
21,95,No,9,75,69
22,88,Yes,5,60,67
18,83,No,9,76,66
22,64,Yes,9,60,63
18,88,No,6,68,67
24,67,Yes,6,90,64
18,91,No,6,83,68
22,70,Yes,8,74,65
20,77,No,9,61,65
27,74,Yes,9,64,65
20,94,Yes,6,99,70
9,65,Yes,9,67,62
28,83,No,9,81,68
15,66,Yes,7,75,62
16,88,Yes,7,51,68
16,96,Yes,9,97,72
28,77,Yes,9,54,70
7,80,No,9,83,62
39,97,Yes,10,91,79
26,81,Yes,8,87,73
21,80,Yes,7,90,68
20,83,Yes,9,87,68
22,88,Yes,10,72,69
23,64,Yes,6,95,63
24,93,Yes,7,96,74
23,77,Yes,5,72,69
21,63,No,8,74,61
19,91,Yes,8,74,69
19,75,No,6,64,64
19,64,Yes,9,56,63
27,85,No,6,63,68
24,95,Yes,6,92,72
2,96,Yes,9,77,65
24,98,No,6,93,69
21,95,No,5,87,70
20,60,Yes,8,67,63
18,75,Yes,7,59,62
27,93,Yes,9,78,72
26,75,No,8,97,69
15,84,No,4,92,66
22,84,Yes,9,88,71
14,75,No,10,88,62
12,96,Yes,9,76,68
16,80,No,9,58,63
25,79,Yes,7,64,66
26,100,Yes,6,79,75
23,80,Yes,7,66,69
24,67,No,8,89,68
23,81,No,8,69,69
16,93,No,6,56,67
23,91,Yes,6,89,73
25,92,Yes,5,85,71
25,88,Yes,8,63,71
27,70,No,6,99,68
24,94,No,7,70,70
22,96,Yes,10,84,71
26,68,No,8,96,69
20,65,No,7,58,63
15,99,Yes,8,94,71
19,95,Yes,9,85,69
16,96,Yes,5,58,71
16,95,No,6,83,68
19,82,No,7,94,68
15,86,No,6,90,66
18,82,No,7,88,67
9,62,Yes,5,58,59
21,90,No,8,60,66
20,80,No,6,77,64
15,86,No,7,79,64
24,80,Yes,7,97,69
26,80,No,8,73,69
10,67,No,4,65,61
15,71,No,8,60,62
15,66,No,7,53,61
14,68,Yes,8,53,63
25,99,No,5,79,71
19,66,Yes,8,59,65
18,71,Yes,9,93,68
8,84,No,7,80,67
24,84,Yes,6,93,70
13,66,Yes,6,71,64
20,92,No,8,80,71
22,91,Yes,8,76,71
28,69,No,8,99,67
12,72,Yes,7,90,63
2,98,Yes,7,80,66
21,93,Yes,7,80,70
31,88,No,6,62,70
27,63,Yes,8,87,67
21,77,No,7,99,69
17,82,No,9,56,66
25,67,No,9,82,67
14,78,Yes,7,76,65
23,84,Yes,8,93,72
23,73,No,6,50,68
26,91,Yes,7,57,72
37,94,Yes,8,52,76
22,73,Yes,5,58,65
17,94,No,8,85,68
20,64,Yes,6,57,65
9,94,Yes,6,81,66
16,66,No,6,93,63
18,63,No,7,52,63
17,86,Yes,5,51,66
21,79,Yes,8,99,69
15,96,Yes,7,84,72
27,75,Yes,10,57,66
20,71,Yes,7,65,64
20,80,Yes,8,99,67
18,78,Yes,6,61,67
21,74,Yes,5,88,66
25,88,Yes,8,62,68
15,90,No,5,70,65
16,94,Yes,8,94,71
18,99,Yes,10,51,71
12,71,Yes,8,65,62
15,89,Yes,8,74,69
17,76,No,7,81,65
25,87,No,6,51,70
22,79,Yes,7,71,66
21,100,No,6,67,70
25,89,No,5,51,70
19,98,Yes,7,68,69
22,93,Yes,9,97,71
19,96,No,5,64,69
22,93,No,9,79,73
17,78,Yes,9,65,65
5,70,Yes,8,55,62
19,75,No,8,64,67
29,61,Yes,7,74,65
26,81,No,7,65,65
26,80,Yes,6,81,70
27,81,Yes,7,97,70
21,99,Yes,7,53,71
21,96,No,10,86,71
16,66,Yes,8,50,62
18,75,No,7,50,65
24,77,Yes,7,57,84
27,74,Yes,6,74,68
19,92,Yes,6,52,70
17,81,No,8,86,68
20,83,No,6,51,67
24,94,Yes,6,75,69
11,92,Yes,6,84,68
6,65,No,6,62,59
17,89,Yes,9,79,67
13,77,Yes,7,63,63
17,72,Yes,7,61,65
19,62,No,7,91,63
17,79,No,7,67,64
29,74,Yes,6,91,72
22,70,Yes,5,61,63
22,88,No,9,68,66
24,91,Yes,8,55,67
13,70,Yes,8,75,66
26,62,Yes,8,69,66
20,94,Yes,10,50,68
24,60,No,6,73,66
14,97,Yes,5,54,68
11,85,Yes,8,92,65
25,73,Yes,5,75,67
22,70,No,7,85,64
15,60,No,7,91,59
15,69,Yes,8,53,60
27,66,No,6,67,65
13,84,Yes,9,51,64
30,67,No,6,52,66
15,81,Yes,8,52,65
24,84,Yes,6,74,69
18,72,Yes,8,73,66
24,61,Yes,5,53,65
17,61,No,7,63,62
19,61,No,9,62,60
20,90,No,7,65,68
14,73,Yes,9,82,64
24,92,No,7,85,73
17,77,Yes,6,67,64
19,78,No,7,89,69
14,81,No,8,71,63
5,89,Yes,4,76,65
19,71,No,8,57,65
34,65,Yes,6,62,67
25,82,Yes,5,86,67
20,73,No,8,99,66
18,78,Yes,9,85,68
20,86,Yes,7,53,65
23,80,Yes,5,57,66
13,85,Yes,6,72,66
27,82,Yes,6,87,69
24,90,No,7,58,70
24,88,Yes,7,88,71
23,81,No,8,78,70
20,87,No,8,89,68
24,95,Yes,8,78,73
24,77,No,8,80,68
18,77,Yes,7,62,66
17,91,Yes,10,86,67
21,83,Yes,8,92,66
29,63,Yes,8,94,69
13,96,No,10,51,67
11,61,Yes,7,81,61
21,90,No,6,99,70
20,90,No,9,79,70
21,98,Yes,9,59,70
21,62,No,7,94,64
19,84,No,10,63,65
29,77,No,7,52,70
10,73,Yes,8,72,62
15,64,Yes,9,55,64
19,83,Yes,7,56,67
10,79,No,8,73,63
19,64,Yes,9,81,62
30,84,No,6,95,72
20,90,No,6,85,69
21,91,Yes,9,92,72
12,96,Yes,7,71,68
16,76,No,6,66,64
18,98,Yes,7,80,72
18,95,Yes,8,85,73
28,72,Yes,5,78,67
23,66,Yes,8,63,64
13,77,Yes,8,68,65
21,76,Yes,9,72,67
23,83,Yes,7,51,68
27,83,Yes,9,94,72
29,90,Yes,7,76,71
14,80,Yes,7,88,66
15,64,No,7,59,59
12,94,Yes,10,78,68
19,72,Yes,5,96,64
23,99,No,8,61,70
26,65,Yes,7,67,65
20,98,Yes,7,69,72
18,64,No,8,69,66
21,69,Yes,9,80,68
15,62,No,8,70,62
33,88,No,9,84,70
10,94,Yes,7,74,70
21,77,Yes,7,58,64
32,97,Yes,5,97,76
20,84,Yes,10,62,67
19,85,No,7,78,69
18,94,Yes,7,53,68
19,72,Yes,8,96,67
28,74,Yes,9,96,69
7,96,Yes,6,68,67
29,96,Yes,9,56,73
11,99,Yes,7,88,71
18,96,No,9,63,70
17,65,Yes,6,85,65
24,93,Yes,8,96,73
10,76,Yes,7,80,65
23,100,Yes,5,93,73
32,79,Yes,5,61,70
12,82,Yes,6,96,66
21,81,Yes,8,61,66
16,73,Yes,4,61,64
23,63,Yes,8,94,68
20,96,No,7,78,70
16,92,Yes,4,90,72
23,66,No,6,90,66
31,91,Yes,6,82,74
19,85,No,7,59,67
24,76,Yes,9,85,71
12,70,Yes,9,53,60
14,94,No,6,60,68
23,88,No,6,82,69
29,82,No,5,95,74
22,84,Yes,6,89,71
18,64,Yes,6,67,63
20,79,Yes,7,91,66
12,68,No,7,98,65
24,68,No,6,67,60
25,86,Yes,6,59,69
17,96,No,6,60,69
17,76,Yes,6,70,67
22,68,Yes,9,53,65
17,86,Yes,8,74,70
20,95,Yes,8,87,71
33,90,Yes,9,77,73
19,95,Yes,8,99,70
18,81,Yes,9,73,67
16,90,Yes,8,51,67
24,66,No,7,74,65
19,74,Yes,6,96,69
16,76,Yes,6,55,65
28,80,Yes,8,61,68
29,97,No,7,86,74
16,95,Yes,5,65,68
9,65,No,4,88,61
26,67,Yes,10,71,67
16,74,Yes,6,90,66
25,72,Yes,6,78,69
8,85,Yes,9,54,62
25,96,Yes,5,69,71
13,98,Yes,8,67,71
24,86,Yes,10,91,72
20,94,Yes,10,81,69
14,81,No,6,89,67
18,68,No,7,69,63
24,81,Yes,6,85,68
21,82,Yes,7,53,69
24,90,Yes,9,52,65
32,69,Yes,5,64,70
11,75,No,8,89,65
30,75,No,7,77,67
21,98,Yes,9,70,72
15,78,Yes,9,95,69
12,90,Yes,6,75,69
19,90,No,7,81,71
26,71,Yes,8,99,67
19,83,No,8,76,65
29,96,No,4,89,70
11,79,No,8,71,63
20,98,Yes,9,52,71
12,69,Yes,7,92,64
22,63,Yes,8,97,69
25,96,No,9,72,69
17,94,Yes,7,75,70
4,100,No,8,71,64
21,87,No,7,100,70
23,97,No,7,95,74
22,93,Yes,6,52,69
27,94,Yes,7,89,73
14,83,Yes,10,80,66
24,75,Yes,6,51,67
27,97,No,8,72,76
9,77,No,7,57,61
22,82,Yes,9,94,68
17,78,Yes,9,51,63
20,83,Yes,6,94,67
22,79,Yes,6,97,66
17,62,Yes,6,54,62
16,95,Yes,6,86,69
20,78,No,6,77,67
13,84,No,8,98,66
13,66,Yes,6,90,63
24,60,No,6,85,64
13,70,Yes,6,96,64
24,88,No,8,58,67
23,64,Yes,7,69,66
10,96,Yes,7,92,68
16,69,Yes,6,55,62
27,68,Yes,5,97,68
14,67,No,9,87,63
17,61,No,7,72,62
23,91,No,10,67,72
25,95,No,8,57,69
18,85,Yes,10,55,67
16,68,Yes,8,71,65
29,71,No,7,92,69
30,79,Yes,6,77,72
26,98,Yes,6,73,70
21,70,No,9,66,91
15,89,Yes,7,58,65
15,78,Yes,8,100,62
23,72,Yes,8,51,65
23,78,Yes,8,66,67
28,63,No,6,88,67
24,92,No,9,76,72
11,70,Yes,7,66,60
26,89,No,7,100,69
14,63,No,8,81,61
18,98,Yes,7,65,70
22,68,No,4,92,68
32,95,Yes,9,58,75
39,92,No,9,73,75
24,99,No,4,92,72
19,79,Yes,5,99,66
23,89,No,10,69,71
25,75,No,7,57,70
18,67,Yes,7,78,63
31,78,Yes,6,97,72
21,67,Yes,5,83,65
23,99,Yes,7,80,71
24,64,Yes,8,65,65
23,84,Yes,7,80,69
25,85,Yes,8,94,71
16,82,Yes,10,69,68
17,86,No,6,62,66
13,65,No,7,74,60
23,82,No,9,69,68
25,71,Yes,6,73,67
23,98,No,7,55,71
30,90,No,10,67,74
20,99,No,6,91,70
24,62,No,9,70,63
13,71,No,7,98,64
18,68,Yes,10,85,66
24,60,Yes,5,68,64
25,70,Yes,7,63,69
18,87,Yes,5,84,71
20,69,No,6,65,64
11,80,Yes,6,96,65
18,96,No,7,56,69
25,88,No,5,51,68
23,76,Yes,7,61,68
23,75,Yes,8,80,68
20,78,Yes,5,92,65
20,67,No,6,59,65
16,85,No,10,79,66
24,75,No,7,57,66
23,94,Yes,4,78,71
23,90,Yes,5,51,68
17,84,Yes,7,78,65
7,75,Yes,7,76,63
27,68,No,6,52,66
17,91,Yes,10,84,71
15,79,Yes,10,79,65
24,69,Yes,7,81,68
18,68,Yes,8,76,66
26,67,No,8,86,64
24,91,Yes,9,76,70
24,69,Yes,6,96,70
12,81,No,10,97,66
27,78,Yes,7,86,70
22,83,No,8,96,71
18,95,No,7,96,70
21,95,No,7,63,70
9,78,Yes,7,100,66
22,61,No,5,63,64
14,77,No,4,51,66
12,84,Yes,7,98,68
11,82,No,6,61,61
27,86,Yes,8,79,72
16,66,No,8,99,66
29,86,Yes,7,52,68
17,67,No,9,63,61
10,90,Yes,7,80,67
13,74,Yes,5,88,66
27,88,Yes,7,90,74
19,62,Yes,9,94,66
17,76,Yes,4,58,67
21,88,Yes,7,69,71
23,69,Yes,8,86,66
27,92,Yes,10,86,71
29,85,Yes,9,65,72
18,84,Yes,7,65,66
12,74,Yes,8,66,62
18,79,Yes,4,95,66
22,84,Yes,5,95,69
14,79,Yes,8,51,64
14,88,Yes,7,66,69
22,77,Yes,7,70,69
20,68,Yes,7,99,64
20,69,Yes,7,97,68
15,60,Yes,7,81,63
19,72,Yes,5,52,64
14,90,Yes,7,60,69
25,92,No,5,72,71
26,68,No,6,98,67
9,98,No,9,55,67
14,80,Yes,7,90,66
11,97,Yes,8,60,67
16,88,No,7,75,68
19,89,Yes,6,88,69
11,63,Yes,5,85,62
14,69,Yes,6,89,66
14,60,Yes,7,91,63
21,89,Yes,8,65,67
20,74,No,7,68,68
16,91,No,8,91,66
21,74,Yes,5,52,66
17,93,No,8,76,67
18,65,Yes,5,96,66
30,67,Yes,8,94,69
28,74,No,8,90,72
12,76,Yes,4,51,60
25,74,Yes,8,94,68
25,91,Yes,8,96,72
13,64,Yes,9,83,64
25,74,Yes,6,65,65
29,93,No,7,74,76
13,63,No,8,88,59
14,98,Yes,8,91,67
26,99,Yes,8,67,73
22,64,No,6,66,64
23,72,No,8,87,67
22,75,Yes,8,84,69
22,91,Yes,7,76,69
12,84,Yes,6,71,67
26,86,Yes,6,83,72
27,90,No,9,52,86
19,65,Yes,8,54,62
20,93,No,7,79,69
11,88,Yes,7,61,68
23,83,Yes,4,89,99
23,96,Yes,7,89,70
20,88,Yes,5,85,68
27,68,Yes,7,95,67
18,77,Yes,9,57,66
23,80,No,6,63,66
14,62,Yes,7,63,62
20,98,Yes,8,89,72
19,65,Yes,7,76,64
21,88,Yes,6,63,68
18,80,Yes,7,57,66
19,61,Yes,8,95,68
25,97,Yes,7,85,75
17,94,No,7,76,67
10,81,Yes,9,98,65
30,69,No,8,92,68
28,65,Yes,5,59,67
12,75,Yes,8,75,63
24,70,Yes,8,74,67
17,80,Yes,5,92,67
22,99,Yes,4,57,73
22,83,Yes,5,73,67
19,96,No,7,82,71
15,86,No,9,97,67
16,79,Yes,6,95,68
15,94,Yes,8,77,68
15,79,Yes,4,80,66
20,95,Yes,7,93,68
16,72,No,6,87,63
24,65,No,10,94,68
29,94,Yes,4,95,74
17,83,Yes,7,92,65
21,96,Yes,4,50,69
23,98,No,6,66,70
23,62,Yes,4,70,65
20,80,No,10,84,68
24,75,No,6,65,65
23,85,No,7,66,68
13,92,Yes,7,70,68
25,71,Yes,5,98,66
25,82,No,9,72,70
15,88,No,8,57,66
20,65,Yes,8,50,64
24,93,No,5,62,70
19,84,No,9,97,68
26,98,Yes,9,98,74
34,74,Yes,7,76,71
15,64,Yes,8,82,61
12,80,No,7,90,64
22,63,No,5,53,64
24,99,Yes,7,69,73
19,62,Yes,6,82,62
29,90,Yes,7,95,71
12,81,Yes,9,86,68
24,75,Yes,5,68,67
16,63,No,6,95,63
30,85,No,6,83,71
32,83,Yes,6,92,72
15,71,No,6,69,66
17,96,Yes,7,50,67
25,72,Yes,8,58,66
18,78,No,8,96,68
20,82,Yes,7,52,64
20,64,Yes,8,80,65
8,97,Yes,10,70,66
20,75,Yes,7,71,69
16,63,No,9,70,64
17,75,Yes,8,53,65
29,84,Yes,10,56,72
12,81,No,8,53,65
25,88,Yes,6,53,70
18,62,Yes,7,54,64
18,71,Yes,7,85,62
25,93,No,8,56,69
22,63,No,6,63,62
23,94,Yes,9,83,69
26,64,No,7,56,66
18,93,Yes,8,96,71
16,74,Yes,7,74,66
13,84,No,7,98,64
15,66,Yes,7,60,63
38,63,No,8,52,69
27,69,Yes,10,80,68
12,65,Yes,4,66,63
12,72,Yes,8,79,64
23,81,Yes,7,74,66
23,84,Yes,7,73,71
23,92,Yes,4,93,72
18,86,No,8,60,88
19,84,Yes,7,75,66
22,76,Yes,6,71,65
21,79,Yes,7,84,66
7,77,Yes,7,53,62
19,94,No,4,76,68
15,69,Yes,7,74,65
21,60,No,8,99,62
38,86,No,6,88,74
22,68,Yes,7,58,64
18,96,No,7,75,72
26,94,No,9,89,70
23,63,No,7,76,65
23,64,Yes,8,68,66
24,80,Yes,7,69,67
32,84,Yes,10,68,73
13,71,Yes,6,51,65
23,89,No,6,87,74
14,84,No,7,81,66
23,73,No,6,63,67
14,61,No,5,82,58
17,90,No,8,65,71
18,69,Yes,4,62,63
26,93,No,6,87,73
26,77,Yes,5,90,68
13,83,Yes,7,81,66
20,95,No,4,89,68
16,95,No,8,68,66
12,75,No,8,54,62
19,68,Yes,5,80,78
18,91,No,7,63,68
35,77,Yes,8,89,77
23,68,Yes,8,68,65
12,96,Yes,5,84,73
17,68,Yes,5,78,64
26,61,Yes,9,91,67
33,61,No,6,92,69
10,85,Yes,6,53,60
9,86,No,8,65,66
31,72,Yes,5,94,70
22,73,Yes,7,70,66
15,74,Yes,8,76,64
23,87,No,5,59,70
4,62,No,6,78,58
20,97,Yes,5,63,69
22,69,Yes,6,91,64
26,100,No,9,60,72
14,67,Yes,9,68,60
21,91,Yes,7,55,70
14,69,Yes,8,79,62
22,63,Yes,8,97,66
15,95,Yes,6,59,66
18,94,Yes,7,51,65
14,76,Yes,5,71,64
24,88,Yes,6,87,72
25,82,Yes,7,99,71
19,94,No,5,53,68
20,73,Yes,5,89,68
11,81,Yes,6,68,64
18,79,Yes,9,58,65
20,74,Yes,9,60,64
36,96,No,7,96,75
13,67,Yes,8,90,61
29,66,No,6,66,68
26,83,No,4,97,70
22,86,No,6,55,71
31,68,Yes,7,66,66
22,76,Yes,7,83,66
22,98,Yes,7,100,70
20,70,No,7,73,62
27,87,Yes,6,91,72
27,90,No,8,96,72
16,78,Yes,5,50,63
12,98,Yes,8,64,69
19,89,Yes,6,55,68
15,78,Yes,10,89,67
20,83,Yes,7,78,71
27,88,Yes,6,55,67
17,84,Yes,6,71,62
20,95,No,6,76,69
20,74,Yes,8,85,67
25,72,Yes,7,89,71
7,69,Yes,8,54,87
16,62,No,8,74,62
21,62,Yes,7,58,64
27,95,No,8,88,74
17,87,Yes,9,83,69
9,86,No,8,86,65
24,85,Yes,7,54,66
16,94,Yes,8,76,70
13,79,No,5,92,68
16,95,No,10,86,70
19,74,No,8,93,68
16,97,Yes,8,60,69
7,88,Yes,7,64,66
25,70,Yes,4,72,65
28,83,Yes,7,76,71
24,81,Yes,7,63,66
13,66,Yes,6,69,61
19,84,Yes,6,84,69
20,73,No,6,82,65
24,62,Yes,8,56,63
24,98,Yes,9,99,73
16,86,Yes,7,78,68
20,95,Yes,6,74,70
23,87,Yes,6,98,72
29,74,Yes,7,57,68
24,81,No,7,77,68
25,87,Yes,8,90,71
21,98,Yes,6,70,68
28,70,Yes,8,87,70
22,95,Yes,8,95,70
15,97,Yes,6,63,69
28,87,Yes,4,62,73
24,97,Yes,6,68,72
17,76,No,9,71,67
17,98,No,4,56,69
22,88,Yes,9,62,68
23,62,No,4,94,64
21,96,Yes,6,78,71
22,79,Yes,6,63,68
30,78,Yes,10,97,70
26,83,Yes,7,89,72
21,66,Yes,7,68,65
26,79,No,6,88,70
14,93,No,8,80,69
22,61,No,6,84,64
31,71,Yes,7,66,67
19,60,Yes,6,60,65
15,77,Yes,8,63,62
16,89,No,8,54,68
13,92,No,6,74,68
15,98,No,6,70,68
18,84,Yes,6,50,68
12,70,Yes,7,93,62
20,97,Yes,8,84,72
25,91,No,7,72,69
15,83,No,4,98,68
29,88,Yes,8,97,71
23,97,Yes,5,55,69
26,88,No,6,81,71
16,75,Yes,7,91,65
25,89,No,7,59,68
13,62,Yes,8,56,60
25,75,Yes,6,63,68
21,76,No,6,64,66
23,67,No,7,98,66
13,61,Yes,8,89,62
15,65,No,8,53,61
24,86,No,7,89,69
14,92,Yes,9,58,69
23,100,Yes,9,68,74
12,74,Yes,8,66,62
25,84,Yes,5,64,67
13,97,No,8,65,69
23,67,Yes,7,88,66
24,89,Yes,6,63,72
16,90,No,6,90,69
23,64,Yes,7,55,65
22,94,No,6,80,72
17,93,Yes,7,93,69
14,61,No,7,54,60
8,64,No,7,82,61
22,62,No,8,76,63
11,73,No,7,67,63
21,80,Yes,6,55,68
18,81,Yes,4,84,68
24,71,No,8,65,65
18,96,No,7,67,71
18,75,Yes,7,86,64
24,62,No,9,97,65
22,72,Yes,5,67,67
22,81,No,7,87,67
23,76,Yes,6,98,67
11,71,Yes,8,55,87
25,65,Yes,4,76,67
24,93,Yes,8,51,72
14,100,Yes,8,91,69
19,73,Yes,6,64,65
20,75,Yes,7,67,66
19,85,No,6,84,70
22,89,Yes,8,89,71
29,76,Yes,8,70,67
26,96,No,5,83,72
12,82,No,5,98,63
24,78,Yes,9,94,67
28,86,No,10,85,72
22,98,No,8,97,72
27,92,No,8,94,70
32,62,No,7,86,67
26,73,No,7,96,68
21,79,Yes,8,91,67
26,73,No,7,75,70
21,88,No,9,75,67
20,93,Yes,7,50,71
18,89,Yes,7,52,69
29,100,Yes,7,87,74
15,71,No,7,78,63
29,95,Yes,9,88,72
23,91,Yes,7,97,71
12,74,No,7,73,64
22,89,Yes,7,54,69
7,64,No,6,81,62
24,92,Yes,5,55,69
25,81,Yes,9,81,68
16,72,Yes,9,76,67
21,86,Yes,9,86,71
32,86,Yes,5,68,70
17,68,No,9,57,63
14,61,No,10,62,60
29,77,No,9,84,69
32,83,Yes,9,74,71
20,95,Yes,8,77,69
26,97,Yes,6,66,73
28,81,Yes,8,92,73
16,90,No,5,100,68
17,78,Yes,6,66,67
27,90,No,7,86,74
30,68,No,7,59,68
23,75,No,8,87,69
15,85,No,4,72,69
32,61,Yes,7,80,68
17,89,No,8,62,66
18,93,Yes,8,93,69
22,76,Yes,8,59,66
29,78,Yes,7,96,72
25,94,Yes,6,53,69
22,91,Yes,8,64,68
23,72,Yes,7,78,66
20,73,Yes,8,93,65
23,87,No,8,79,71
5,83,Yes,7,61,61
18,66,Yes,6,93,63
21,72,Yes,9,80,66
13,96,No,8,62,69
22,88,Yes,10,78,71
19,99,Yes,8,84,73
31,91,Yes,8,84,72
29,98,No,5,86,73
17,69,Yes,7,95,65
19,91,Yes,7,91,71
20,61,Yes,8,80,65
17,87,No,8,52,67
21,79,Yes,8,87,69
15,74,No,10,99,63
13,94,Yes,6,65,68
24,94,Yes,8,80,70
24,61,Yes,8,88,64
15,84,No,10,82,64
25,75,Yes,8,96,68
16,77,Yes,8,74,65
22,93,No,8,77,70
25,72,Yes,8,52,66
20,98,Yes,9,95,70
23,67,Yes,6,63,66
17,87,No,6,99,69
19,87,No,10,60,69
19,70,No,4,63,64
16,73,Yes,7,74,64
19,93,Yes,7,83,69
11,90,Yes,7,72,67
17,73,Yes,9,68,63
18,81,Yes,8,77,67
18,62,No,6,98,65
19,68,Yes,6,98,64
20,79,No,7,66,68
23,63,Yes,9,84,64
25,94,No,7,86,70
16,89,Yes,7,83,70
13,98,Yes,6,56,67
14,88,Yes,8,77,69
17,98,No,7,88,70
18,82,No,6,60,69
15,84,Yes,9,67,65
12,99,Yes,10,60,66
17,86,Yes,7,94,70
21,61,Yes,7,93,63
24,89,No,5,58,69
17,96,Yes,8,88,74
18,92,Yes,8,68,70
14,83,No,7,84,66
20,87,Yes,6,75,68
15,100,No,10,74,67
23,64,Yes,8,94,66
9,87,No,6,82,65
18,71,Yes,8,62,66
22,86,Yes,7,56,69
21,84,No,7,97,67
36,66,Yes,8,58,69
22,68,No,4,87,66
14,85,No,4,75,64
19,65,No,9,57,61
9,71,Yes,7,89,61
20,93,Yes,6,95,70
15,73,No,5,56,65
25,80,No,7,53,67
17,98,No,7,92,69
19,69,Yes,9,75,63
16,76,No,8,84,66
30,84,Yes,7,72,73
18,90,No,8,71,68
31,96,Yes,9,65,74
25,97,Yes,8,78,70
23,91,Yes,8,58,68
22,69,No,7,86,67
22,61,No,6,77,65
8,75,No,5,92,66
18,66,Yes,5,96,64
25,88,Yes,8,95,72
20,86,Yes,8,80,70
12,62,Yes,9,66,60
20,93,Yes,8,68,68
30,70,Yes,9,83,71
27,77,Yes,7,86,68
20,87,Yes,8,58,67
26,77,Yes,5,100,70
18,78,No,7,55,65
10,63,No,4,80,60
14,76,No,7,77,65
29,91,No,9,80,70
18,97,Yes,7,77,69
19,77,No,8,53,64
18,77,No,7,100,67
31,88,Yes,6,99,73
30,98,No,7,76,74
33,71,Yes,9,60,67
19,78,Yes,8,59,66
22,92,No,6,53,69
11,84,No,5,81,64
29,64,Yes,7,74,69
13,85,Yes,6,71,66
21,67,Yes,7,76,65
13,80,Yes,5,94,67
16,81,No,9,54,67
15,95,No,7,77,68
16,78,No,7,85,65
17,71,Yes,6,99,66
17,69,Yes,7,87,65
25,95,Yes,7,77,71
13,67,Yes,6,88,63
21,77,Yes,7,100,70
27,67,Yes,9,94,70
17,91,Yes,4,54,67
16,79,Yes,7,79,68
19,74,Yes,6,89,63
27,74,Yes,9,84,70
21,94,No,7,71,69
17,82,Yes,5,66,66
23,89,No,7,81,70
13,96,No,8,71,68
24,96,No,10,70,70
22,73,Yes,4,92,67
18,98,Yes,5,66,69
15,61,Yes,9,82,64
15,75,No,5,94,62
23,96,No,7,81,71
27,71,Yes,6,75,69
16,71,Yes,6,52,62
23,72,Yes,7,84,66
7,84,Yes,7,100,64
16,78,No,9,90,66
20,89,Yes,9,82,72
15,96,Yes,8,73,71
14,87,Yes,7,61,65
16,68,Yes,7,85,65
22,97,Yes,8,59,70
19,71,Yes,9,94,68
7,66,Yes,8,68,57
7,64,No,9,70,59
16,83,Yes,6,61,64
23,65,Yes,9,74,67
4,66,No,8,84,60
17,72,Yes,6,65,67
17,71,Yes,7,85,65
28,84,Yes,7,81,71
18,93,Yes,7,69,67
22,90,Yes,7,66,69
21,70,Yes,5,93,68
7,70,Yes,6,51,59
25,99,No,7,86,75
21,60,Yes,6,71,59
23,95,No,6,86,71
44,68,No,9,75,71
7,98,No,7,54,66
30,74,No,10,99,69
18,78,Yes,7,54,65
22,88,Yes,9,58,68
20,84,No,7,71,68
17,73,Yes,6,97,67
17,82,Yes,7,65,68
22,89,Yes,9,78,68
11,62,Yes,7,76,88
25,60,Yes,8,67,66
18,78,Yes,7,85,67
13,65,No,7,75,63
17,87,Yes,7,79,68
28,69,No,6,61,65
17,77,Yes,7,96,67
22,68,Yes,8,56,67
16,82,Yes,7,85,67
25,65,No,7,94,64
24,61,No,8,54,61
31,62,Yes,7,51,65
19,98,Yes,7,67,70
24,66,No,8,89,67
21,88,No,7,86,68
28,63,Yes,7,91,65
16,64,Yes,8,70,63
24,80,No,7,100,72
19,79,Yes,7,68,68
20,98,Yes,7,90,73
21,98,Yes,7,68,71
22,91,No,5,61,70
19,84,Yes,7,67,68
21,78,No,10,60,68
29,74,No,6,56,68
26,98,Yes,6,68,71
25,84,Yes,10,57,70
17,83,No,6,75,67
15,69,Yes,9,52,61
26,62,Yes,7,72,64
25,98,No,7,98,72
29,73,No,7,68,67
16,78,Yes,8,57,65
19,65,Yes,5,65,64
10,93,Yes,7,90,66
18,61,No,6,66,62
26,93,No,4,69,70
17,66,Yes,9,89,64
24,95,No,4,63,70
19,89,No,10,74,66
22,67,Yes,8,53,62
13,83,No,5,59,63
21,73,Yes,9,60,66
2,67,No,6,73,58
19,94,Yes,6,91,70
10,76,No,4,68,63
27,76,Yes,6,69,70
25,67,Yes,6,65,65
23,75,Yes,8,66,67
29,95,No,9,70,73
14,75,Yes,5,95,82
30,98,No,7,51,71
26,98,Yes,4,81,73
19,66,No,7,94,65
27,67,Yes,10,71,67
13,95,Yes,4,83,67
15,76,Yes,5,79,69
16,60,Yes,8,67,61
17,71,No,8,57,64
14,84,No,6,61,64
27,92,Yes,9,53,68
18,65,No,6,88,62
22,64,Yes,10,77,66
17,97,Yes,8,89,70
9,90,Yes,9,65,67
22,84,Yes,8,90,70
9,91,No,8,65,65
20,77,No,8,56,65
12,90,Yes,9,77,70
32,75,Yes,7,97,72
25,70,No,6,71,65
21,89,Yes,7,76,71
28,77,Yes,6,73,71
15,99,Yes,6,73,72
23,74,No,9,61,64
21,97,No,8,71,72
22,97,No,8,75,71
28,70,Yes,9,87,66
24,92,No,8,57,71
22,77,Yes,10,79,67
10,97,No,4,83,69
14,78,Yes,6,69,67
19,90,Yes,6,77,71
21,79,No,5,86,66
13,69,No,7,73,62
34,68,No,7,67,67
29,77,Yes,10,91,70
24,90,No,8,99,72
20,84,No,6,61,69
19,88,No,8,94,70
14,71,No,4,77,64
20,79,Yes,7,72,65
22,62,Yes,7,95,66
13,93,No,6,96,68
22,100,Yes,7,64,72
19,76,Yes,6,68,65
9,60,Yes,6,93,60
15,67,No,8,75,63
18,86,Yes,9,64,66
31,84,Yes,8,98,73
23,92,Yes,6,61,71
12,70,Yes,6,81,59
23,91,Yes,6,71,70
11,88,Yes,7,73,63
26,73,No,6,55,67
17,82,Yes,9,63,65
19,66,No,7,58,64
28,78,No,8,87,71
12,95,Yes,5,85,70
12,77,Yes,6,90,63
16,94,No,8,85,68
26,84,Yes,8,56,67
11,68,Yes,5,99,66
3,83,Yes,7,59,63
17,80,Yes,7,68,65
23,76,Yes,6,85,66
27,65,Yes,8,57,65
17,77,Yes,5,59,65
18,63,No,6,94,63
27,64,No,8,67,65
9,77,Yes,7,83,62
18,72,Yes,7,93,66
21,97,No,7,99,71
23,75,Yes,8,61,64
17,90,Yes,8,56,67
20,81,No,8,87,68
5,88,No,7,59,63
16,70,Yes,6,79,64
23,98,Yes,6,77,74
14,81,Yes,5,78,68
20,93,Yes,6,82,68
23,75,Yes,6,93,69
18,64,Yes,9,64,61
21,87,Yes,5,78,69
14,60,Yes,9,67,61
19,79,Yes,7,66,67
24,68,No,7,51,63
21,85,No,8,80,68
16,99,No,5,99,68
21,79,Yes,6,88,67
24,93,Yes,5,62,69
8,80,No,6,86,64
27,80,No,6,65,67
18,97,No,9,88,70
23,96,Yes,6,93,72
27,91,No,4,67,71
12,72,No,6,50,62
16,82,Yes,8,65,67
18,69,Yes,9,60,64
15,78,Yes,7,81,64
30,79,No,6,65,70
15,93,Yes,7,52,68
17,96,No,8,77,70
21,77,Yes,5,94,65
13,61,No,7,73,59
18,94,Yes,7,69,69
22,67,Yes,7,59,67
18,85,No,7,69,68
19,61,No,6,67,62
17,76,No,8,100,65
11,99,Yes,7,52,69
22,64,Yes,7,62,65
31,77,Yes,5,53,68
20,72,Yes,8,93,68
21,96,Yes,6,71,71
24,95,Yes,9,90,71
12,70,No,5,85,66
30,63,Yes,8,96,71
21,85,No,4,51,66
30,73,No,4,60,66
16,87,Yes,6,85,69
31,61,No,4,79,65
25,65,Yes,8,85,66
23,87,No,7,79,67
21,68,No,9,79,66
19,94,No,7,97,69
27,62,No,7,96,66
21,69,Yes,7,52,64
8,100,Yes,6,71,70
13,77,Yes,6,76,62
19,88,Yes,5,68,67
22,67,No,8,52,60
20,84,No,7,74,66
27,89,Yes,7,99,72
8,73,Yes,10,54,63
21,93,Yes,6,91,69
9,84,Yes,7,60,66
25,76,Yes,7,79,69
19,82,No,9,69,68
23,83,No,7,67,66
15,67,Yes,7,94,63
28,76,Yes,10,99,70
26,74,No,6,69,68
24,76,Yes,7,82,68
19,90,No,8,78,67
23,79,Yes,6,54,67
16,98,Yes,8,52,69
25,72,No,6,89,68
30,77,Yes,9,70,67
26,91,Yes,8,65,70
16,82,No,7,99,70
22,82,No,5,54,66
12,62,Yes,6,63,61
23,76,Yes,7,93,68
23,71,Yes,8,71,64
9,100,No,7,79,66
13,72,Yes,8,52,65
18,95,No,8,96,73
18,87,No,8,57,66
13,74,Yes,7,61,65
22,82,Yes,7,58,68
22,94,Yes,7,75,69
19,95,Yes,6,91,72
15,66,No,9,63,63
26,74,No,8,57,65
30,73,Yes,9,70,69
17,62,No,6,99,62
16,84,Yes,8,51,66
23,94,Yes,9,75,69
18,75,Yes,9,83,67
19,90,Yes,5,90,94
24,85,Yes,7,87,71
9,75,No,7,54,61
28,66,Yes,9,73,68
20,88,No,4,54,66
18,94,Yes,5,81,71
19,87,No,9,54,66
20,61,No,6,52,60
10,69,Yes,5,65,60
29,63,Yes,9,97,66
20,83,Yes,5,85,67
23,90,No,9,50,67
26,64,No,5,64,64
14,94,No,5,51,66
23,82,No,7,65,68
18,88,Yes,6,84,70
25,99,Yes,7,88,75
7,63,Yes,10,90,86
19,96,Yes,7,95,73
16,65,No,9,68,61
23,76,No,7,93,68
23,94,No,8,86,70
16,96,Yes,4,77,71
16,80,Yes,8,98,71
19,84,No,8,97,68
15,88,Yes,6,95,70
25,93,Yes,10,60,70
18,65,Yes,6,60,62
3,92,Yes,5,95,67
18,79,No,8,70,68
14,78,Yes,5,90,68
10,77,No,7,84,64
13,80,No,9,88,68
21,98,Yes,8,51,69
28,82,No,7,71,70
22,98,Yes,6,93,73
16,67,Yes,9,74,66
23,89,No,5,85,68
17,92,Yes,8,88,68
16,87,Yes,10,56,65
13,84,Yes,8,58,66
9,83,Yes,7,86,62
18,94,Yes,7,53,67
21,93,Yes,6,67,73
19,65,Yes,6,96,65
18,94,No,7,79,70
14,77,Yes,8,96,68
24,70,Yes,9,65,67
12,95,Yes,4,82,66
25,77,No,4,64,65
14,92,Yes,9,56,66
15,71,No,7,100,66
11,60,No,7,59,60
17,80,Yes,8,59,66
26,64,Yes,7,92,68
23,90,Yes,10,90,72
26,71,No,8,99,68
23,78,Yes,6,54,67
13,63,No,6,55,62
18,71,No,7,72,66
15,91,No,6,80,69
28,66,No,10,52,64
13,86,No,7,58,63
25,97,Yes,5,85,74
25,87,Yes,8,83,72
31,92,Yes,9,54,71
18,64,Yes,9,97,64
24,70,No,6,63,65
34,96,Yes,5,94,75
16,89,No,9,96,69
11,86,No,5,75,65
9,87,No,8,71,60
24,77,Yes,6,64,69
9,62,Yes,9,90,65
18,91,Yes,5,60,67
23,87,No,6,81,70
21,79,Yes,8,78,66
23,96,Yes,8,62,69
21,73,Yes,9,99,69
28,72,Yes,8,92,68
14,95,Yes,8,51,70
16,92,No,9,71,66
15,81,No,5,68,65
25,65,No,6,94,65
25,69,Yes,5,63,65
23,86,Yes,4,100,69
27,75,No,8,60,69
13,93,No,9,62,65
30,98,Yes,8,83,76
29,92,No,8,58,72
24,75,No,7,94,67
31,92,Yes,7,55,74
10,74,Yes,10,99,66
17,67,Yes,9,94,66
16,61,No,6,92,66
24,75,Yes,9,70,71
14,96,No,9,76,66
25,70,No,8,73,65
28,68,Yes,8,99,69
24,99,Yes,8,52,69
22,61,Yes,5,69,63
14,91,No,5,98,68
15,73,No,8,68,64
27,61,No,5,70,64
25,97,Yes,5,82,73
20,66,Yes,4,95,66
17,82,No,6,65,67
8,71,Yes,8,97,63
14,63,Yes,8,64,61
31,62,Yes,8,91,71
12,65,Yes,6,64,61
21,63,Yes,7,54,62
26,90,Yes,8,91,74
12,79,No,8,73,65
21,74,Yes,6,70,64
26,77,No,7,71,66
20,97,Yes,4,81,72
37,96,Yes,7,63,76
10,89,Yes,6,62,67
26,95,No,9,74,71
19,73,No,6,52,65
25,75,Yes,7,82,68
23,85,Yes,6,91,68
16,85,Yes,6,86,67
21,79,No,8,73,64
9,76,No,6,78,60
24,99,No,10,51,70
22,93,Yes,4,96,73
24,77,Yes,8,78,69
26,89,No,7,66,70
22,71,No,7,65,64
21,64,Yes,7,83,64
15,74,Yes,8,79,65
16,76,No,7,59,62
27,61,Yes,9,70,64
29,93,Yes,7,84,72
19,74,Yes,5,65,64
20,83,Yes,7,75,67
15,63,Yes,9,63,64
27,67,No,6,54,61
24,96,Yes,5,69,72
32,84,Yes,8,87,70
15,98,No,8,61,70
18,100,No,6,88,71
21,75,No,7,83,68
24,72,No,7,75,68
19,94,No,7,99,70
15,100,No,8,94,73
25,85,No,6,78,69
24,92,No,8,78,71
15,91,No,6,64,64
28,74,No,9,96,68
27,83,No,10,95,69
21,93,No,6,87,70
20,88,No,5,56,67
23,61,Yes,8,85,66
15,73,No,7,63,65
20,66,Yes,8,59,66
7,69,Yes,6,88,61
25,96,No,7,98,71
11,61,Yes,6,55,60
29,69,Yes,7,58,66
18,72,Yes,5,61,61
19,85,Yes,7,98,68
16,81,Yes,5,85,68
18,69,Yes,6,84,65
29,67,No,7,75,65
5,69,Yes,8,77,60
28,80,No,8,65,67
22,71,No,8,58,65
13,98,Yes,5,89,70
14,79,No,9,74,64
30,62,Yes,6,63,68
14,89,No,6,82,69
13,73,Yes,7,60,65
27,86,No,6,74,71
22,71,Yes,8,60,65
14,83,Yes,8,88,65
21,91,Yes,6,66,68
14,97,No,7,72,66
27,70,Yes,7,88,65
26,73,Yes,8,83,71
23,79,Yes,6,70,68
22,97,Yes,6,54,70
31,96,No,5,96,74
20,64,Yes,6,50,62
13,65,No,5,87,61
23,80,Yes,6,97,70
33,64,Yes,9,65,65
14,74,Yes,8,54,62
18,66,No,9,62,65
22,85,No,6,66,68
20,98,Yes,4,73,70
14,100,No,7,76,68
27,75,No,10,86,69
34,84,Yes,6,95,73
21,94,Yes,7,73,71
15,65,Yes,5,87,63
11,88,Yes,7,56,66
22,76,Yes,7,66,67
27,68,No,4,56,64
23,76,Yes,5,85,66
20,63,Yes,5,95,69
16,88,Yes,5,94,72
13,70,Yes,6,66,63
25,72,Yes,8,62,67
25,65,No,6,64,64
11,95,Yes,9,64,68
30,80,No,6,54,71
23,83,Yes,7,57,67
28,83,No,8,61,67
12,76,Yes,9,50,64
12,68,No,6,52,63
19,90,No,8,85,72
23,65,Yes,6,81,63
31,64,No,10,97,67
24,88,Yes,5,70,68
19,68,Yes,8,72,64
14,72,No,9,53,65
27,79,Yes,5,58,68
14,78,Yes,8,85,66
30,88,Yes,6,62,73
18,85,Yes,10,89,68
30,86,No,4,85,72
24,89,Yes,5,87,70
19,72,Yes,5,85,66
17,73,Yes,5,85,66
18,78,Yes,8,77,66
23,72,Yes,10,84,65
20,99,Yes,9,76,71
16,93,Yes,7,60,66
19,67,No,7,61,63
20,60,Yes,6,70,63
7,62,Yes,8,51,58
23,70,No,7,94,68
14,65,No,7,63,61
13,81,No,6,53,65
10,94,No,5,71,67
9,89,Yes,7,91,67
12,69,No,7,70,62
16,76,Yes,6,63,86
32,80,No,6,77,71
17,92,Yes,8,79,70
21,94,No,8,88,71
22,96,No,10,90,71
21,80,Yes,9,85,70
20,88,Yes,5,50,67
13,64,Yes,7,50,60
29,83,No,5,99,73
31,70,Yes,4,63,67
10,77,Yes,10,64,62
14,85,No,9,87,67
18,70,No,6,79,65
14,62,No,9,73,61
23,60,Yes,9,56,61
16,61,No,4,54,60
33,60,No,8,85,68
27,64,Yes,6,56,65
21,70,Yes,8,72,67
26,69,No,10,87,67
27,99,No,9,96,74
17,72,No,7,94,64
15,65,Yes,9,93,64
20,82,Yes,4,68,67
25,94,No,8,96,74
21,87,Yes,8,84,69
11,72,No,8,94,62
15,82,Yes,6,54,66
20,89,Yes,8,52,69
20,89,Yes,8,71,68
32,87,Yes,4,91,74
12,95,No,7,70,68
23,95,Yes,6,94,73
29,83,No,8,62,70
34,77,No,9,52,69
18,86,Yes,6,88,68
23,93,No,5,81,71
23,60,No,7,72,64
21,100,No,5,92,71
19,67,No,7,91,65
23,79,Yes,7,66,68
5,95,Yes,8,92,67
24,69,Yes,7,67,67
21,79,Yes,7,81,67
19,65,Yes,9,60,63
32,76,No,7,63,68
16,67,Yes,6,72,66
18,75,Yes,7,66,67
32,75,Yes,6,56,68
15,100,Yes,5,74,72
17,100,No,5,76,70
19,65,No,9,58,62
25,89,Yes,6,59,69
21,62,Yes,7,51,61
12,61,Yes,7,52,58
17,64,No,7,68,63
16,99,No,9,57,71
20,98,Yes,7,96,70
23,68,No,6,60,64
23,66,No,6,53,63
9,70,Yes,8,70,63
26,81,No,8,60,71
22,83,Yes,8,53,65
28,69,No,7,88,68
23,90,Yes,5,78,70
27,72,Yes,8,53,68
23,97,No,7,73,69
28,86,Yes,7,52,70
23,77,No,5,68,67
19,92,Yes,6,68,69
34,93,No,6,91,73
25,72,Yes,8,87,68
23,74,No,8,95,67
12,97,Yes,7,57,67
12,67,Yes,8,77,64
22,62,No,9,51,63
21,78,No,8,91,67
16,92,Yes,8,68,70
21,91,Yes,6,53,71
30,97,Yes,6,66,74
24,81,Yes,9,64,70
13,64,No,6,88,59
19,84,Yes,8,56,64
15,91,No,10,78,67
18,64,Yes,8,90,63
18,67,Yes,7,87,66
17,60,Yes,5,97,62
12,84,No,7,50,65
19,95,Yes,9,68,73
17,87,Yes,7,68,70
2,99,Yes,9,52,62
32,63,No,8,91,68
27,96,Yes,7,84,74
18,93,No,7,76,96
20,73,No,5,70,66
13,99,Yes,6,95,69
30,72,Yes,6,63,70
31,96,Yes,8,67,73
21,95,No,7,98,69
26,90,Yes,9,53,71
21,83,Yes,7,89,65
12,65,Yes,6,86,62
18,81,No,6,95,69
21,74,No,6,55,65
17,92,No,7,99,68
19,90,Yes,6,51,65
19,96,Yes,5,67,72
20,61,Yes,9,54,67
20,92,No,7,53,68
14,98,No,7,98,68
16,92,No,6,86,66
12,65,Yes,5,75,62
26,63,Yes,7,55,65
7,61,Yes,4,76,60
27,85,Yes,8,66,70
28,85,Yes,6,64,68
18,99,Yes,7,81,72
4,76,Yes,8,90,63
18,73,Yes,7,72,63
20,85,Yes,5,75,67
14,93,Yes,9,83,68
17,97,No,5,56,69
29,92,Yes,4,91,75
24,77,No,8,92,67
14,85,Yes,5,77,69
10,94,No,9,59,65
18,80,Yes,8,75,65
19,69,Yes,7,55,63
23,67,No,6,88,65
17,60,No,6,66,58
23,89,Yes,6,66,70
32,64,Yes,6,97,66
25,70,No,9,71,63
20,72,Yes,6,89,62
19,82,Yes,8,82,69
18,76,No,9,66,66
27,87,No,6,56,68
16,62,Yes,8,90,62
20,65,No,6,88,64
20,80,Yes,7,58,65
17,73,Yes,6,62,64
12,72,No,6,88,65
22,63,Yes,7,99,65
20,96,Yes,5,92,70
23,88,No,8,84,71
17,65,Yes,5,96,65
27,63,No,5,64,67
15,99,Yes,7,50,68
30,87,Yes,6,66,73
10,77,No,8,99,64
23,88,No,7,94,71
23,90,No,5,53,70
15,91,No,8,75,68
23,79,Yes,7,54,68
28,77,Yes,7,89,68
7,60,Yes,10,69,59
23,97,Yes,9,96,74
5,84,Yes,7,53,62
14,68,Yes,5,87,64
30,97,No,5,70,76
17,97,Yes,9,63,70
13,100,No,6,76,69
19,95,Yes,7,74,69
32,100,Yes,5,67,74
9,70,No,8,82,62
14,94,No,9,83,70
29,93,Yes,9,54,71
31,69,Yes,6,80,68
19,64,Yes,8,86,66
13,99,No,7,54,67
33,72,No,8,83,71
30,95,Yes,7,90,74
24,60,Yes,6,92,65
15,61,Yes,9,52,60
20,79,Yes,7,85,69
19,70,Yes,6,90,65
22,88,Yes,7,70,69
29,83,Yes,6,77,70
25,63,Yes,8,63,65
14,67,Yes,7,66,57
28,76,Yes,6,75,68
22,67,No,10,58,67
24,92,No,5,69,70
29,77,Yes,8,65,68
13,64,Yes,7,62,62
20,79,Yes,5,74,67
17,64,Yes,6,92,66
11,65,Yes,5,62,60
22,70,No,10,83,65
35,94,Yes,7,63,75
9,97,Yes,7,57,67
20,93,No,10,97,71
24,73,Yes,6,82,63
21,71,Yes,9,55,67
19,82,No,8,82,68
12,89,Yes,4,59,65
21,100,No,6,94,72
15,65,No,8,62,61
7,62,No,7,90,60
27,88,Yes,7,60,72
26,93,Yes,6,78,72
20,94,Yes,6,96,70
21,87,No,7,65,67
26,98,No,10,54,71
21,80,Yes,6,78,66
25,97,No,6,59,72
18,99,Yes,7,86,70
28,94,Yes,5,80,71
22,72,Yes,8,67,64
21,68,Yes,5,85,66
12,82,No,5,62,64
22,78,Yes,5,96,67
15,95,No,5,67,67
16,64,No,9,88,64
15,70,No,8,63,61
14,90,Yes,8,86,99
33,64,No,8,52,67
28,73,Yes,7,65,72
32,75,No,7,55,66
13,85,Yes,9,73,68
20,66,No,9,72,64
12,94,No,5,68,69
16,78,No,10,99,65
14,97,No,5,62,66
27,79,Yes,6,90,73
18,71,Yes,7,72,63
26,66,Yes,7,67,66
24,60,Yes,10,60,65
34,81,Yes,9,82,71
11,64,Yes,8,67,58
28,76,No,9,91,68
27,84,No,8,98,69
14,71,Yes,6,61,63
26,67,Yes,8,56,66
22,91,Yes,7,66,69
19,98,Yes,6,73,69
15,64,No,9,65,63
16,66,Yes,7,99,65
32,98,No,5,89,76
20,62,Yes,6,98,67
25,99,No,8,69,70
15,60,No,9,65,60
15,95,No,8,70,68
26,72,Yes,8,76,68
12,98,Yes,6,87,70
18,73,Yes,7,94,68
20,86,No,7,73,69
21,63,Yes,7,64,62
19,70,No,7,66,64
22,91,No,6,85,71
24,81,Yes,8,78,68
24,97,No,5,74,72
14,77,Yes,5,60,64
18,95,Yes,6,94,73
27,78,No,8,89,69
25,99,No,8,57,70
12,98,No,4,68,69
22,73,No,8,77,64
8,95,No,7,73,66
20,94,Yes,6,70,69
31,68,No,7,86,68
14,85,Yes,5,53,65
15,63,Yes,7,74,62
25,93,Yes,5,63,75
11,67,Yes,6,54,60
16,63,Yes,6,73,63
24,76,Yes,8,59,66
16,83,Yes,7,63,67
19,94,Yes,8,75,68
24,99,Yes,5,99,72
23,78,No,7,84,66
22,62,Yes,8,64,63
18,90,Yes,9,69,71
22,83,Yes,5,70,67
19,78,Yes,6,58,66
23,72,No,8,58,66
17,80,No,9,57,68
19,74,No,7,76,66
14,90,Yes,5,84,68
20,82,Yes,5,80,68
15,95,Yes,7,99,68
13,82,No,8,56,66
22,70,No,7,99,66
21,94,No,5,73,70
25,82,Yes,9,61,68
17,68,Yes,6,97,65
22,85,Yes,8,73,70
23,74,No,4,67,66
23,94,Yes,9,61,68
15,78,Yes,6,63,64
21,89,No,9,99,69
22,64,No,8,65,65
20,76,Yes,5,99,69
7,99,Yes,7,67,66
21,92,No,9,62,68
33,66,Yes,6,59,70
18,71,No,9,71,65
16,73,Yes,8,62,65
22,86,No,9,85,68
22,90,No,7,62,67
27,90,No,7,92,72
12,80,Yes,10,92,70
24,92,Yes,8,64,72
24,77,Yes,7,88,71
19,65,No,8,93,64
22,83,Yes,6,80,69
26,98,Yes,7,68,73
25,92,Yes,9,72,70
13,83,No,7,89,68
25,86,No,6,65,71
20,97,No,6,67,71
20,77,Yes,7,58,66
20,73,No,6,70,68
19,99,Yes,5,54,70
27,95,No,5,66,72
19,73,Yes,9,69,66
13,79,Yes,7,63,65
18,77,Yes,7,55,66
21,66,Yes,6,76,65
27,98,Yes,6,93,72
24,76,Yes,6,67,68
15,95,Yes,7,62,68
35,68,Yes,5,64,67
22,82,Yes,9,93,68
28,61,No,7,76,67
19,91,No,7,57,69
23,83,No,8,85,65
25,85,No,8,58,70
27,62,No,6,53,64
26,68,No,8,63,66
25,63,No,8,58,64
18,72,Yes,7,80,66
17,85,Yes,9,74,67
22,83,Yes,8,86,68
26,84,No,8,76,71
19,82,No,9,71,67
26,71,Yes,7,76,69
29,70,Yes,7,72,67
15,65,Yes,8,52,61
15,94,No,7,84,68
19,85,Yes,8,98,67
22,67,Yes,6,71,64
17,67,Yes,4,71,63
28,95,No,8,52,72
23,90,No,5,95,69
20,86,No,6,96,66
11,76,Yes,8,91,64
12,70,Yes,8,55,61
22,99,Yes,9,95,71
7,92,Yes,4,51,63
26,72,No,7,72,65
19,94,Yes,7,75,71
39,90,No,8,92,78
34,72,Yes,9,88,73
19,77,No,5,90,65
19,67,Yes,7,93,66
26,64,Yes,8,74,66
30,89,No,6,89,74
10,71,No,10,53,62
9,93,Yes,6,72,66
16,100,No,7,52,71
23,63,Yes,5,96,67
23,79,Yes,7,98,69
26,92,No,4,54,72
13,92,Yes,7,77,72
6,90,Yes,9,66,65
25,74,No,5,67,71
15,78,No,5,73,64
8,84,Yes,9,56,61
21,99,Yes,9,59,69
25,73,Yes,5,79,65
19,97,Yes,10,51,69
17,71,No,8,80,64
19,100,Yes,9,66,69
18,87,Yes,6,92,68
12,79,No,9,80,63
16,85,No,7,85,66
23,71,No,7,56,65
22,71,Yes,8,63,66
21,65,No,6,100,67
14,65,Yes,5,72,62
19,74,Yes,7,68,66
7,91,No,7,94,68
21,84,Yes,6,52,68
29,64,No,9,77,63
11,94,Yes,10,61,66
16,84,No,6,68,65
22,98,Yes,7,60,72
28,87,No,6,52,70
17,67,No,10,71,63
16,79,No,8,89,65
8,86,Yes,8,98,65
21,61,No,9,81,66
32,61,Yes,7,69,68
22,65,Yes,7,88,64
20,70,No,9,75,66
22,77,Yes,8,68,68
20,79,Yes,6,59,64
15,66,No,6,90,62
25,87,Yes,6,75,67
21,84,No,9,98,67
20,72,No,9,90,65
14,61,Yes,10,71,59
28,63,Yes,6,87,66
24,76,No,7,73,68
17,66,No,6,54,63
26,75,Yes,7,76,68
17,85,Yes,8,93,68
15,82,Yes,7,93,66
15,69,No,9,79,63
9,74,No,6,69,61
23,85,Yes,8,51,68
9,94,No,6,66,66
13,90,No,4,99,69
8,82,Yes,5,86,64
19,74,No,7,86,68
19,75,No,10,88,66
18,95,No,6,81,68
14,62,Yes,7,79,62
13,100,Yes,8,73,68
23,87,No,6,72,69
17,87,Yes,6,94,70
22,62,Yes,7,70,65
15,84,Yes,6,92,68
21,79,No,4,92,67
28,64,Yes,6,89,64
24,71,No,8,52,63
18,96,Yes,8,57,67
22,82,No,9,66,66
19,77,Yes,9,92,67
20,63,Yes,6,94,63
18,89,Yes,6,52,69
19,88,No,6,66,70
21,85,Yes,7,93,70
14,80,No,6,62,65
14,77,No,7,99,64
12,84,Yes,6,74,67
10,69,No,8,97,61
13,98,Yes,6,71,70
21,84,No,6,66,68
15,72,Yes,8,68,64
23,78,No,8,94,68
20,92,No,7,67,68
8,66,Yes,8,83,63
24,72,Yes,8,73,65
25,87,Yes,10,97,69
14,73,No,8,58,63
23,92,Yes,10,71,69
15,65,Yes,7,56,61
21,91,Yes,9,79,69
12,63,No,9,70,62
9,61,Yes,7,53,58
18,96,Yes,6,92,71
19,83,No,6,69,69
18,74,No,8,75,68
13,69,No,5,70,61
18,85,Yes,6,74,67
22,80,Yes,9,51,68
20,100,Yes,8,91,72
21,99,Yes,4,67,71
16,85,Yes,5,86,67
27,78,No,10,53,68
13,80,No,9,76,64
23,87,No,6,95,73
27,64,Yes,5,70,65
23,73,No,5,60,67
19,63,Yes,8,55,63
17,63,Yes,10,93,63
26,68,Yes,10,62,69
11,79,Yes,5,99,68
14,91,Yes,7,62,68
18,79,Yes,6,74,69
27,73,Yes,7,73,73
22,63,Yes,5,53,66
14,82,Yes,6,77,68
18,71,No,6,84,65
16,85,No,8,87,67
16,99,No,6,76,70
26,64,No,6,91,66
12,68,No,8,88,64
30,79,No,9,60,69
25,99,No,10,70,71
27,91,No,8,57,68
17,96,No,7,57,68
19,73,Yes,9,86,66
11,100,No,9,77,70
17,64,No,8,80,65
23,62,Yes,5,87,63
28,94,Yes,9,64,70
13,97,Yes,8,70,67
18,64,No,6,80,63
19,65,No,6,55,64
12,61,Yes,8,92,60
24,64,Yes,4,67,62
16,68,No,7,83,65
19,99,No,6,100,69
17,87,Yes,6,74,68
15,91,No,6,61,66
20,91,Yes,5,61,72
19,81,Yes,9,53,68
18,92,No,4,88,69
16,84,No,7,65,65
22,73,Yes,6,59,65
30,82,Yes,10,86,70
21,81,Yes,7,65,67
26,93,No,4,80,73
12,99,No,8,71,70
21,76,Yes,5,67,66
13,91,Yes,8,74,68
11,64,Yes,8,66,61
16,91,No,9,94,70
27,75,Yes,7,54,66
26,62,Yes,8,52,67
21,75,No,7,70,69
11,84,Yes,6,59,64
19,65,Yes,9,87,65
22,97,Yes,5,68,75
21,63,No,7,63,63
9,97,No,6,68,69
15,88,Yes,8,61,68
20,73,Yes,6,65,66
23,76,Yes,6,78,66
7,90,Yes,7,93,66
19,84,Yes,9,69,68
21,87,Yes,6,66,65
25,76,No,6,89,70
24,80,No,5,51,68
23,100,No,6,65,70
15,69,No,8,73,61
9,77,No,7,80,61
18,72,No,7,58,64
26,91,No,10,72,71
28,91,Yes,4,78,72
24,72,Yes,10,76,66
23,63,Yes,9,79,63
22,60,No,7,83,62
17,77,Yes,8,69,65
19,76,Yes,6,53,66
30,100,No,7,53,72
14,79,Yes,10,93,68
30,70,No,6,84,70
18,96,Yes,7,88,70
28,80,No,6,96,73
12,84,No,6,88,67
24,64,No,6,85,65
16,75,Yes,5,83,65
12,98,No,7,63,65
21,84,Yes,7,98,70
26,74,Yes,6,77,66
15,85,Yes,4,61,65
11,96,No,7,60,68
19,71,Yes,7,91,66
19,80,Yes,10,63,65
23,98,Yes,7,52,71
26,67,Yes,8,71,65
20,89,Yes,6,91,70
31,85,Yes,9,71,69
21,87,No,6,90,71
18,74,Yes,8,91,67
10,73,Yes,8,93,64
18,87,No,8,79,82
18,69,Yes,10,85,66
26,77,Yes,6,63,66
23,68,Yes,9,55,65
13,60,No,9,77,61
21,99,No,7,51,72
24,77,Yes,10,73,70
29,99,Yes,7,55,71
25,66,Yes,7,55,84
25,83,Yes,7,94,72
20,68,Yes,5,82,67
22,92,No,8,82,72
27,91,Yes,8,70,70
12,65,No,7,71,62
18,96,Yes,10,65,71
15,68,No,6,72,62
22,85,Yes,4,79,68
27,99,No,10,59,74
16,95,No,9,63,68
6,98,No,8,75,64
18,74,Yes,6,69,65
25,64,Yes,8,91,66
23,68,No,5,91,68
23,80,No,7,67,67
18,92,Yes,6,73,67
12,66,Yes,7,99,63
23,86,Yes,8,91,71
15,73,No,5,61,63
33,74,No,8,64,66
23,86,No,7,54,67
17,79,Yes,8,84,66
16,92,Yes,7,66,70
19,66,No,8,77,64
19,92,Yes,6,88,71
27,63,Yes,4,92,68
21,68,Yes,5,66,64
16,86,Yes,6,62,66
31,94,No,5,92,72
20,70,Yes,9,69,66
25,73,Yes,7,91,70
16,81,Yes,8,57,66
22,68,No,8,96,68
22,92,Yes,7,74,70
9,91,No,10,59,64
32,66,Yes,10,77,71
28,79,Yes,9,94,72
18,91,Yes,6,69,71
13,73,No,9,59,63
22,85,Yes,4,79,68
21,62,No,9,92,63
22,84,No,4,56,66
21,66,Yes,7,52,63
23,93,No,9,53,72
29,74,Yes,8,62,70
23,71,Yes,5,50,65
14,94,Yes,7,71,67
28,62,No,8,85,66
30,76,Yes,7,86,69
39,75,Yes,6,82,73
13,71,Yes,8,65,66
21,96,Yes,9,87,70
8,90,No,7,79,68
23,63,Yes,9,93,65
17,89,No,7,74,67
32,81,No,6,59,71
15,96,No,9,82,70
10,73,Yes,9,58,61
17,83,Yes,6,98,69
8,80,Yes,6,85,63
25,80,Yes,10,88,67
8,78,Yes,7,84,65
20,68,Yes,7,55,63
8,90,No,7,73,67
18,78,Yes,9,83,66
30,98,Yes,10,61,72
22,70,No,7,84,68
15,87,Yes,10,91,67
20,98,Yes,6,64,72
20,87,Yes,7,60,66
23,95,Yes,8,94,73
12,93,Yes,6,50,71
24,74,Yes,8,63,65
4,84,Yes,6,70,65
16,66,Yes,5,84,65
17,81,Yes,4,100,68
24,69,No,7,69,70
20,90,Yes,8,97,68
12,81,Yes,5,68,62
14,76,No,7,85,66
21,71,No,7,58,65
20,100,Yes,7,73,71
17,63,No,6,94,61
17,62,No,7,66,63
24,69,Yes,7,55,67
17,99,No,8,76,70
19,99,Yes,5,72,73
33,86,No,7,61,72
11,95,Yes,5,95,69
9,69,Yes,7,80,61
25,99,No,5,67,71
16,66,Yes,6,100,64
18,64,Yes,7,57,61
15,64,No,6,92,63
18,83,Yes,9,62,65
30,91,No,9,62,73
25,75,Yes,8,75,68
25,99,No,8,83,72
12,77,Yes,7,85,62
13,66,Yes,9,51,63
3,79,Yes,7,64,58
15,87,No,10,83,68
26,93,Yes,6,94,74
23,78,Yes,5,83,68
19,84,Yes,5,63,67
20,71,Yes,5,75,65
16,86,Yes,5,82,63
21,99,No,7,57,71
25,62,Yes,8,77,62
10,95,Yes,7,74,66
22,82,No,5,67,65
26,70,No,6,81,66
18,98,No,8,82,71
24,79,No,6,99,68
37,73,Yes,6,71,72
19,67,No,5,77,66
22,70,Yes,6,58,66
16,93,No,6,77,67
21,85,Yes,7,52,71
23,97,Yes,8,57,72
21,69,No,7,59,64
14,65,No,7,82,60
21,60,No,8,78,64
29,80,Yes,5,90,70
23,100,Yes,10,73,72
26,88,No,6,74,68
19,72,Yes,8,58,62
24,95,No,5,87,68
22,91,Yes,7,50,72
14,61,Yes,7,71,60
22,93,No,9,59,72
14,72,No,7,89,65
16,66,No,9,84,63
21,69,Yes,7,85,66
22,79,No,10,57,65
13,77,No,4,83,65
26,72,No,8,85,67
23,67,No,4,50,65
16,90,No,7,66,67
11,100,Yes,9,54,66
19,91,Yes,9,84,71
17,72,No,8,61,64
21,70,No,7,63,61
18,69,Yes,8,54,65
8,65,No,10,74,61
18,82,No,7,52,64
18,84,Yes,8,92,69
24,88,Yes,6,51,71
16,87,No,9,53,70
30,72,Yes,8,82,70
9,73,Yes,6,96,62
28,87,No,8,95,73
19,74,No,8,54,66
25,69,Yes,8,64,66
20,75,No,7,76,66
27,71,Yes,9,51,66
18,64,Yes,6,76,65
13,93,No,7,72,67
29,94,No,7,79,76
19,69,Yes,9,96,66
21,63,Yes,6,64,63
27,90,No,7,82,71
14,68,No,6,71,63
24,76,Yes,7,72,67
16,63,Yes,8,82,63
19,69,Yes,5,98,66
20,92,Yes,9,93,72
11,92,Yes,8,82,70
15,68,Yes,6,73,62
28,73,Yes,6,71,69
25,65,Yes,9,89,66
20,63,Yes,8,61,64
21,100,Yes,6,79,70
18,86,No,6,75,67
28,82,Yes,8,82,71
19,91,No,8,59,69
21,94,No,8,85,70
27,92,Yes,7,81,70
15,61,Yes,8,59,61
29,67,No,7,72,65
11,86,Yes,6,84,67
30,75,Yes,9,95,70
18,99,No,8,56,67
19,87,Yes,6,50,68
9,98,No,7,58,69
17,68,No,7,99,65
14,95,Yes,6,88,68
16,73,Yes,7,81,67
19,100,Yes,6,57,70
26,66,No,8,71,68
21,81,Yes,7,86,69
22,92,Yes,5,95,70
13,77,Yes,7,69,67
15,79,Yes,6,100,70
31,99,Yes,4,57,74
16,77,Yes,7,69,63
30,84,Yes,9,94,72
19,62,No,7,82,62
20,94,No,8,91,71
26,86,No,7,95,68
28,76,Yes,6,75,72
19,61,Yes,6,62,64
18,84,No,5,85,64
20,61,Yes,8,78,63
22,60,Yes,8,89,66
25,85,Yes,7,76,71
20,68,Yes,4,91,70
24,68,Yes,8,95,67
30,86,Yes,6,87,73
22,62,Yes,7,87,64
22,73,No,5,79,65
11,66,Yes,7,74,62
4,83,No,7,99,64
22,86,No,4,82,67
19,89,No,9,92,74
17,70,No,7,75,63
21,64,Yes,7,78,64
20,63,No,8,83,64
27,77,No,7,86,70
21,98,Yes,8,72,71
16,69,Yes,5,68,63
26,70,Yes,7,62,66
19,64,Yes,4,71,65
23,84,No,7,61,70
17,87,Yes,9,71,65
16,86,Yes,5,94,68
21,94,No,6,99,72
20,79,Yes,4,79,67
23,65,No,7,57,65
18,72,No,8,71,66
9,86,No,8,80,67
17,85,No,6,69,65
25,81,No,4,60,68
18,87,No,5,61,68
19,85,Yes,9,74,69
26,95,Yes,8,61,71
16,83,Yes,7,62,64
11,91,No,7,94,65
19,70,No,5,89,64
17,87,Yes,9,53,67
14,96,No,6,66,70
19,75,No,8,77,66
23,91,No,5,53,70
20,89,Yes,7,84,70
22,62,Yes,9,69,64
31,83,Yes,6,70,71
18,65,Yes,8,63,63
22,99,Yes,5,67,72
17,92,No,6,93,72
15,64,Yes,7,89,61
16,65,Yes,8,97,63
17,84,No,7,85,67
22,74,Yes,8,79,67
34,61,No,9,63,65
16,82,No,6,83,64
18,76,No,5,95,69
20,64,No,6,53,65
22,92,No,9,72,71
22,97,Yes,6,57,70
28,90,Yes,9,91,98
5,93,Yes,7,81,65
6,69,Yes,10,94,63
17,71,Yes,10,53,61
27,68,Yes,9,95,67
11,91,No,5,53,64
2,98,No,4,64,65
23,89,Yes,7,58,73
21,95,Yes,8,57,69
13,86,No,8,59,67
14,76,No,6,74,63
14,77,Yes,5,89,67
21,63,Yes,8,95,66
16,61,Yes,10,78,64
23,88,Yes,6,58,68
3,78,No,8,54,61
15,82,Yes,10,75,66
13,82,Yes,7,88,65
18,71,Yes,7,81,65
17,79,No,8,79,67
25,79,Yes,7,52,68
9,76,Yes,9,71,63
20,93,No,6,78,70
23,78,No,7,80,68
31,84,No,5,50,69
17,96,Yes,7,60,67
22,95,No,5,97,69
9,96,Yes,8,75,65
6,71,Yes,5,85,61
25,61,Yes,8,65,65
20,70,Yes,6,79,67
27,71,Yes,10,68,66
12,96,No,9,65,69
23,86,Yes,8,71,71
31,63,No,5,73,68
23,65,No,6,67,65
22,66,No,6,63,64
20,85,No,6,81,68
11,89,No,9,69,64
28,94,No,7,60,71
16,98,No,6,88,70
23,68,Yes,6,86,68
11,72,Yes,6,94,63
13,70,Yes,8,78,61
29,74,No,5,64,66
18,97,Yes,7,93,75
29,83,Yes,8,64,71
20,90,Yes,4,83,69
9,80,No,5,60,62
25,61,No,7,81,65
16,63,No,9,92,61
24,82,No,9,77,69
20,89,Yes,6,74,66
11,69,Yes,9,100,64
21,89,Yes,7,51,69
33,92,Yes,7,67,78
23,76,Yes,7,96,68
20,90,No,8,82,70
26,76,Yes,6,77,68
21,87,Yes,6,82,68
21,91,No,5,66,69
13,100,Yes,8,54,68
21,74,Yes,8,64,80
26,76,Yes,8,67,67
15,67,Yes,5,74,64
29,68,No,6,70,64
19,88,Yes,9,76,68
15,97,No,7,60,67
26,76,No,7,59,65
18,67,Yes,7,68,66
25,71,Yes,8,74,67
18,78,No,7,67,64
20,72,Yes,6,79,66
23,69,Yes,8,66,63
22,89,No,5,59,71
8,60,Yes,9,93,62
13,82,No,6,60,64
26,92,Yes,8,98,72
19,71,Yes,7,99,65
17,84,No,6,85,67
12,87,Yes,9,75,65
14,86,Yes,8,90,63
8,78,No,7,94,65
19,74,Yes,10,85,67
16,93,Yes,8,55,67
14,90,Yes,6,50,65
20,73,Yes,4,60,64
22,64,No,7,59,64
33,63,Yes,9,59,69
11,64,No,8,75,60
27,83,Yes,9,76,70
26,62,No,6,86,66
15,73,Yes,7,60,66
21,90,No,7,55,68
17,72,No,7,83,62
21,91,Yes,8,74,70
29,90,Yes,9,83,72
24,70,Yes,10,69,64
23,89,No,9,88,71
17,90,No,8,84,67
11,76,No,6,83,64
19,68,No,7,51,64
27,81,Yes,8,93,72
11,97,Yes,7,69,66
14,86,No,6,57,68
21,67,Yes,6,88,95
14,87,Yes,8,74,64
15,77,Yes,7,52,64
17,84,Yes,7,89,68
12,89,Yes,7,72,67
14,81,No,6,88,67
24,93,Yes,7,88,71
12,89,Yes,6,55,63
10,85,Yes,6,81,66
16,66,No,5,68,65
24,93,Yes,7,77,68
19,97,Yes,8,54,68
17,65,No,9,79,62
20,80,Yes,5,89,67
10,70,Yes,9,99,65
23,90,Yes,7,66,71
22,89,Yes,5,58,71
18,66,Yes,6,68,61
26,95,No,4,51,70
13,67,Yes,5,70,60
27,92,No,10,96,70
21,78,No,6,60,67
18,73,Yes,8,74,66
20,66,Yes,7,79,63
19,67,No,7,59,65
27,86,Yes,8,67,75
14,82,No,4,96,66
15,65,No,9,65,61
26,65,Yes,7,82,65
16,63,Yes,6,57,61
25,90,Yes,8,83,73
30,88,Yes,6,64,73
18,62,Yes,7,62,63
24,82,No,7,56,67
13,63,Yes,8,52,62
25,96,No,7,98,71
21,96,Yes,5,71,70
23,88,No,8,89,70
16,97,No,7,96,69
10,92,No,4,60,66
23,93,Yes,7,93,72
8,83,Yes,6,85,63
18,72,Yes,8,79,65
26,69,Yes,6,90,71
21,73,No,5,56,66
32,85,Yes,9,63,69
26,67,No,8,57,62
16,70,No,7,95,66
20,79,Yes,8,55,66
20,69,Yes,8,99,64
11,84,Yes,7,55,63
14,97,Yes,5,83,68
17,90,No,7,83,68
8,87,No,9,97,67
20,83,Yes,8,66,67
19,80,Yes,7,67,68
10,67,Yes,8,92,65
22,96,Yes,7,99,74
24,70,Yes,9,52,85
21,64,No,9,82,64
18,90,Yes,5,62,67
24,67,Yes,9,86,68
24,75,Yes,10,89,67
22,61,No,8,88,65
15,65,Yes,8,72,63
22,67,Yes,6,58,64
27,62,Yes,6,79,62
16,86,Yes,7,89,68
33,93,Yes,6,96,75
17,75,No,5,73,63
20,95,Yes,7,62,68
16,69,No,8,56,63
21,73,No,5,90,68
10,66,No,7,77,62
17,85,Yes,7,84,67
13,77,No,7,58,66
21,85,No,8,50,65
26,90,Yes,8,98,69
24,82,No,6,91,70
6,85,Yes,9,70,64
32,97,Yes,8,73,75
22,72,Yes,9,96,66
15,74,No,7,60,62
21,89,No,7,90,70
21,84,No,7,51,68
16,67,Yes,9,94,66
21,75,Yes,7,79,65
16,79,Yes,7,74,68
18,77,No,10,85,68
16,67,Yes,5,53,62
11,97,Yes,8,60,66
21,90,No,7,70,68
24,79,No,7,81,69
23,87,No,6,57,67
25,96,Yes,6,69,74
22,65,No,6,63,61
17,70,No,8,82,64
25,82,No,8,96,69
12,92,No,4,58,66
15,61,No,5,59,61
14,99,Yes,8,80,71
26,78,Yes,8,73,71
26,74,No,5,86,69
23,72,Yes,8,64,66
26,67,Yes,7,77,64
15,92,No,8,69,68
22,98,Yes,6,64,71
19,77,Yes,5,86,66
25,98,Yes,7,90,94
19,93,Yes,7,66,68
18,79,No,7,81,66
23,87,No,6,59,70
25,77,No,10,90,68
16,82,No,4,64,65
20,62,Yes,6,59,64
14,88,Yes,6,97,69
5,62,No,7,71,59
21,93,No,8,82,70
24,93,Yes,8,90,72
22,69,No,9,84,64
8,73,No,8,78,63
18,79,Yes,4,69,67
7,84,Yes,5,96,62
28,71,Yes,9,57,69
13,84,Yes,9,94,66
28,72,No,8,85,66
26,62,No,6,79,63
15,60,No,7,66,62
13,64,No,6,57,58
22,92,No,5,72,67
15,98,Yes,7,89,68
21,77,No,10,87,67
17,81,No,6,82,67
9,66,No,9,100,62
7,82,Yes,6,99,66
21,66,Yes,5,70,65
17,84,Yes,8,60,67
17,97,No,7,73,69
24,68,Yes,9,92,67
27,91,Yes,9,73,69
18,61,No,7,67,62
18,75,Yes,9,87,67
23,64,Yes,6,83,63
12,74,No,6,98,65
21,67,Yes,9,77,66
23,75,Yes,5,98,71
24,77,Yes,7,65,70
8,72,Yes,9,93,68
15,86,Yes,9,68,67
15,97,No,6,90,71
21,76,Yes,9,96,65
23,68,Yes,5,81,64
29,71,Yes,6,86,69
17,94,Yes,7,98,68
17,83,Yes,8,69,67
27,78,Yes,5,76,71
22,66,Yes,10,95,64
28,78,Yes,4,84,69
22,71,Yes,7,94,68
13,98,Yes,7,81,69
12,95,No,4,87,67
11,63,Yes,9,51,58
24,81,Yes,6,67,66
27,69,Yes,7,89,69
31,76,Yes,7,70,70
25,95,Yes,5,68,70
27,81,Yes,5,98,70
17,73,No,9,78,66
13,68,No,7,60,61
25,92,Yes,4,74,71
23,85,Yes,7,76,69
21,79,Yes,7,99,69
22,69,No,7,86,65
22,73,Yes,4,76,69
28,98,Yes,7,72,74
28,81,Yes,6,96,71
23,76,No,7,82,68
25,81,Yes,8,68,69
23,91,Yes,8,73,68
17,74,No,9,64,63
25,67,Yes,10,98,68
12,83,Yes,5,85,67
26,87,No,6,70,71
13,89,No,8,59,66
22,95,No,7,59,69
15,75,Yes,4,74,68
23,63,No,7,73,63
20,98,No,9,71,69
10,77,Yes,5,93,66
23,85,Yes,7,99,71
17,87,No,4,68,68
25,82,Yes,8,65,69
20,68,Yes,7,89,65
22,90,Yes,6,72,68
14,92,Yes,6,61,67
16,82,No,5,59,65
17,80,Yes,9,64,65
25,65,Yes,6,50,64
30,63,No,8,97,69
15,74,No,6,72,64
26,72,No,10,54,66
7,98,Yes,9,58,65
13,91,Yes,10,66,69
14,86,Yes,10,78,66
12,81,Yes,6,85,64
10,67,Yes,6,65,61
22,99,No,10,98,72
19,75,Yes,7,88,67
22,64,Yes,8,91,63
24,80,No,6,66,69
22,95,Yes,6,69,70
24,95,Yes,8,77,71
20,60,Yes,4,73,60
13,95,Yes,8,63,70
26,71,No,8,100,69
16,62,No,6,92,63
14,94,Yes,7,62,69
19,95,Yes,7,95,71
15,84,Yes,7,79,68
17,83,No,8,51,64
22,93,No,6,67,68
22,91,Yes,10,51,69
15,96,No,7,54,65
17,82,Yes,7,59,68
26,99,Yes,10,74,74
23,100,Yes,4,69,72
32,65,No,10,57,67
27,94,Yes,7,70,73
27,80,No,6,65,68
12,76,Yes,5,71,61
25,85,No,5,59,70
20,62,Yes,6,80,62
17,80,Yes,7,52,67
21,95,Yes,8,69,69
26,69,No,7,95,93
23,77,No,6,71,68
15,98,Yes,9,72,69
24,77,Yes,10,53,68
16,74,No,9,80,64
21,78,Yes,6,97,69
18,81,No,8,65,66
19,85,No,8,70,68
25,92,Yes,9,79,72
14,78,No,6,55,63
32,93,No,6,98,73
9,81,Yes,9,73,65
16,74,Yes,8,56,65
22,86,Yes,5,67,68
24,89,No,8,69,70
19,82,No,10,67,65
20,62,Yes,6,85,66
22,67,Yes,6,67,66
19,71,Yes,7,66,65
28,71,No,8,66,69
25,87,Yes,7,89,69
25,61,No,9,65,64
14,90,Yes,7,51,66
20,71,Yes,9,68,63
18,72,Yes,6,64,68
14,81,Yes,5,95,68
22,69,No,6,74,65
17,95,No,5,62,69
24,63,No,8,99,66
14,78,No,4,62,63
30,94,Yes,6,88,72
15,85,No,7,82,67
21,72,No,5,73,67
25,77,Yes,7,70,68
17,88,Yes,7,94,71
25,99,No,9,74,73
13,96,No,5,69,68
29,74,No,8,68,69
20,100,Yes,8,64,69
16,60,No,7,70,63
18,61,Yes,6,56,62
25,93,Yes,5,53,70
16,68,No,10,77,66
16,62,No,7,73,62
19,69,Yes,7,59,64
13,77,Yes,10,55,63
31,89,Yes,7,57,71
17,85,Yes,10,66,67
25,70,Yes,5,73,67
21,80,Yes,7,60,67
14,97,Yes,5,88,71
20,93,No,7,60,69
25,73,Yes,7,56,93
19,99,Yes,6,100,72
27,88,No,7,72,71
26,62,No,6,59,63
26,61,Yes,7,95,65
17,67,Yes,6,62,61
14,89,No,9,96,66
16,67,Yes,5,56,61
21,80,No,7,92,67
23,64,Yes,5,59,64
7,97,No,6,97,69
20,74,No,6,79,64
21,96,Yes,7,59,70
18,98,Yes,7,92,73
28,60,Yes,5,70,63
23,79,Yes,6,87,68
28,61,Yes,6,82,64
19,96,Yes,5,86,69
26,81,Yes,9,67,69
30,63,No,5,97,67
28,64,Yes,7,78,69
13,75,No,10,54,62
18,98,No,9,53,66
18,88,No,8,87,68
23,95,No,7,92,71
24,75,No,8,85,66
15,62,No,8,64,62
20,99,Yes,9,61,68
8,61,Yes,7,78,59
29,98,Yes,9,60,70
17,75,Yes,7,69,66
20,60,Yes,10,81,65
18,88,No,7,64,66
27,99,Yes,5,69,73
3,99,Yes,7,68,65
20,66,Yes,8,73,65
19,67,No,9,84,64
17,83,Yes,6,89,69
30,85,No,4,83,74
15,90,Yes,8,51,68
25,67,No,8,95,65
22,98,Yes,5,79,72
28,86,Yes,7,96,71
16,94,No,7,98,69
16,82,Yes,8,73,67
27,77,Yes,6,96,71
23,99,Yes,6,68,68
11,83,No,7,63,63
17,95,No,5,54,69
22,98,No,10,73,68
25,87,Yes,8,84,73
16,82,Yes,6,99,69
3,60,Yes,5,76,58
23,62,No,5,87,65
13,68,Yes,8,95,63
8,67,No,5,77,59
3,70,Yes,7,58,58
25,72,Yes,4,92,66
21,74,Yes,8,79,67
19,77,Yes,8,88,67
28,64,No,7,83,67
24,62,Yes,7,53,65
30,87,Yes,8,58,71
12,81,Yes,7,64,66
20,78,Yes,8,64,68
10,85,Yes,5,92,65
19,93,No,8,80,71
19,77,Yes,7,54,64
24,86,Yes,9,69,72
20,98,No,7,78,69
24,94,No,7,63,70
24,77,Yes,6,52,66
33,86,No,9,69,70
18,67,No,4,73,62
14,82,Yes,8,95,66
21,99,No,7,95,70
15,81,Yes,7,75,63
29,97,Yes,7,74,73
18,76,Yes,7,82,70
17,100,No,8,63,71
17,83,No,6,64,65
24,62,Yes,7,50,64
19,83,Yes,8,54,66
16,71,Yes,6,59,82
30,61,Yes,8,82,68
15,93,No,8,61,67
20,71,Yes,6,56,68
24,92,Yes,5,81,69
10,72,Yes,6,83,63
23,68,No,7,53,66
14,99,No,7,89,68
25,74,Yes,9,80,71
14,84,Yes,6,70,69
24,84,Yes,6,99,70
27,82,No,8,51,70
25,97,Yes,6,77,73
22,87,Yes,6,58,68
19,76,Yes,6,66,65
17,94,Yes,4,57,72
29,67,Yes,8,83,67
16,82,Yes,8,70,68
14,98,Yes,8,99,69
24,85,Yes,10,83,70
15,93,Yes,9,96,69
14,86,Yes,6,62,68
11,94,No,9,66,65
17,98,Yes,7,68,70
20,71,Yes,6,92,65
21,67,No,6,61,61
26,79,No,7,97,69
23,88,Yes,7,52,67
19,69,Yes,9,94,65
19,60,No,8,73,63
23,74,Yes,6,76,67
28,99,No,5,100,76
21,88,No,8,94,70
17,76,Yes,8,95,67
14,68,Yes,9,79,66
11,74,Yes,7,98,65
24,67,No,8,84,65
23,64,No,8,91,63
23,96,Yes,5,86,74
19,100,Yes,7,89,72
28,67,No,8,82,68
17,62,No,8,86,62
26,73,No,7,72,65
20,78,Yes,10,85,69
16,68,Yes,10,64,61
24,72,Yes,7,82,67
22,68,No,7,76,66
22,91,Yes,8,95,70
20,89,No,7,84,72
20,85,Yes,9,80,69
34,75,Yes,5,66,68
27,96,No,7,93,74
24,99,No,8,53,70
21,67,Yes,9,95,67
26,69,Yes,5,83,68
23,81,No,6,59,69
20,64,No,4,95,66
18,77,No,6,66,66
20,83,Yes,5,58,68
1,81,Yes,8,66,60
21,73,No,7,98,69
17,82,No,7,88,66
30,98,Yes,7,96,77
20,68,No,9,65,63
13,86,Yes,5,54,66
20,62,Yes,4,78,64
14,63,No,8,74,63
23,82,Yes,6,86,68
22,64,No,5,77,65
26,61,Yes,8,70,65
15,67,Yes,4,50,64
20,83,Yes,6,73,68
12,88,Yes,4,56,62
24,68,Yes,7,96,67
23,87,Yes,9,96,73
23,67,Yes,6,90,69
20,85,No,6,58,65
22,76,Yes,10,57,66
30,86,No,8,78,73
18,100,Yes,10,86,72
21,98,Yes,7,95,72
13,60,Yes,7,95,61
15,95,Yes,9,58,69
21,63,No,7,100,66
27,98,No,7,58,74
18,71,Yes,4,92,64
19,75,Yes,10,79,66
18,64,Yes,8,84,64
17,64,No,7,80,66
22,89,No,8,93,72
11,98,Yes,5,82,71
28,84,Yes,6,92,70
16,89,Yes,8,58,67
24,90,No,7,93,71
12,71,No,8,100,63
24,62,No,7,83,64
24,60,Yes,8,99,64
22,74,No,5,61,65
14,70,Yes,9,91,65
21,62,No,6,58,62
13,67,Yes,7,76,65
18,65,No,6,83,64
26,97,Yes,7,83,74
25,66,Yes,7,84,67
20,82,No,8,66,66
14,84,No,8,99,70
24,82,No,8,50,68
20,64,No,6,81,64
6,73,No,8,93,58
25,62,Yes,7,95,65
20,76,Yes,7,86,68
27,68,No,8,79,64
13,82,No,5,73,66
1,88,Yes,4,72,92
22,81,Yes,9,71,69
22,77,No,7,85,68
10,75,No,8,87,63
14,94,Yes,6,76,64
37,69,Yes,9,87,68
18,89,No,8,76,67
24,90,Yes,7,55,68
16,77,Yes,7,93,66
7,72,Yes,4,94,66
19,79,Yes,8,63,68
18,64,Yes,9,89,64
18,62,Yes,7,76,63
19,64,Yes,7,56,62
22,67,No,7,70,66
19,80,Yes,9,54,65
12,94,Yes,9,89,66
23,69,Yes,6,60,66
8,97,Yes,8,58,69
8,98,Yes,7,60,67
24,98,No,8,61,75
23,94,Yes,6,84,73
20,75,Yes,9,82,66
12,63,No,8,56,61
16,83,Yes,9,86,68
18,82,Yes,5,67,67
10,94,No,5,73,66
16,100,No,10,56,69
24,80,No,9,85,69
29,74,Yes,6,69,67
17,67,No,8,82,65
25,60,No,6,71,63
9,80,Yes,4,52,63
24,82,No,4,85,66
15,93,Yes,7,78,66
22,80,Yes,9,72,69
19,97,Yes,9,60,72
28,85,Yes,9,81,70
15,94,Yes,8,64,68
24,66,Yes,7,71,66
18,94,Yes,9,53,67
19,87,No,4,89,68
19,67,Yes,8,55,62
15,68,No,5,95,64
20,97,Yes,6,93,71
20,61,No,8,99,65
21,79,Yes,8,95,69
21,73,No,6,99,65
25,87,No,8,94,71
26,94,No,8,56,69
14,74,Yes,7,72,65
25,77,Yes,7,54,66
13,99,Yes,10,77,68
24,91,Yes,7,76,72
24,96,Yes,7,96,74
9,78,No,7,98,64
21,69,Yes,7,63,64
17,76,Yes,8,79,63
15,89,No,9,73,66
28,64,Yes,7,77,67
16,71,Yes,6,77,64
15,62,No,10,96,62
20,77,Yes,7,95,66
24,93,No,4,56,71
19,61,Yes,10,67,63
27,87,Yes,9,88,72
23,97,No,9,84,71
7,69,No,9,82,61
17,88,Yes,10,100,71
17,99,No,5,67,69
23,98,Yes,6,76,74
4,69,Yes,6,99,61
35,64,No,6,85,68
23,66,Yes,7,82,67
21,88,No,6,58,70
27,89,No,5,62,69
34,87,No,6,69,72
25,73,Yes,7,73,66
26,67,No,9,75,67
21,83,No,6,95,70
19,79,Yes,8,55,68
17,89,Yes,5,62,68
15,78,No,4,57,65
16,74,Yes,7,87,63
12,72,Yes,6,99,62
20,68,Yes,6,95,66
10,71,Yes,6,86,62
21,64,Yes,6,51,61
20,74,Yes,6,67,63
21,61,Yes,6,93,65
17,67,No,5,83,64
38,90,Yes,4,60,74
28,73,Yes,4,73,70
13,87,No,10,54,63
21,89,No,7,76,68
16,83,Yes,9,95,69
14,98,Yes,7,52,70
12,61,Yes,7,81,62
23,90,Yes,7,62,71
16,98,No,8,100,69
26,94,Yes,5,53,69
26,67,Yes,6,81,68
28,73,Yes,7,63,65
15,67,Yes,4,94,65
23,84,Yes,9,56,65
24,88,No,9,71,72
17,73,No,4,59,63
15,82,Yes,6,90,68
30,88,Yes,7,68,72
21,77,Yes,8,59,66
24,94,No,9,86,71
15,91,Yes,6,91,67
13,63,No,10,73,61
17,85,Yes,7,69,70
19,69,Yes,7,82,64
14,82,Yes,8,83,64
20,98,Yes,7,83,68
10,95,No,7,64,70
13,76,Yes,10,97,65
24,72,No,7,61,67
24,69,Yes,6,69,65
18,81,Yes,6,64,65
14,65,Yes,9,97,65
14,82,Yes,8,91,66
18,60,No,5,91,62
24,73,Yes,5,50,63
26,69,Yes,7,84,63
17,99,Yes,8,62,70
13,89,Yes,6,98,67
22,74,No,4,77,66
15,64,No,5,78,63
17,81,Yes,9,68,66
28,69,No,8,77,67
25,81,No,9,87,68
21,93,Yes,9,78,67
12,85,Yes,6,82,66
21,85,Yes,6,74,71
26,82,Yes,7,86,69
18,97,Yes,8,95,72
28,97,Yes,9,53,70
28,81,Yes,10,55,68
30,72,No,8,84,68
22,78,Yes,8,69,67
24,67,No,10,64,62
28,85,No,7,59,67
23,80,No,9,79,69
17,64,Yes,8,67,64
17,68,Yes,8,75,66
21,79,Yes,7,98,69
12,96,No,5,88,70
19,83,No,8,90,69
27,87,Yes,8,56,72
7,74,Yes,6,66,61
29,83,No,7,55,68
27,78,No,6,98,68
17,86,No,6,84,66
23,62,No,6,51,65
20,80,Yes,5,74,66
27,72,No,6,63,67
26,73,No,8,77,68
12,98,No,9,59,67
24,67,Yes,10,53,63
19,72,No,6,66,64
20,80,No,9,65,66
16,95,Yes,8,86,69
30,77,Yes,7,74,70
26,90,No,8,65,72
16,94,No,9,79,71
12,72,Yes,6,54,63
18,76,No,6,83,68
23,74,Yes,6,57,67
21,93,No,6,64,69
28,62,No,9,64,65
25,72,Yes,6,73,69
26,87,No,6,98,71
22,83,Yes,7,66,67
12,77,No,7,64,64
19,82,Yes,6,58,68
26,68,Yes,10,70,67
20,77,No,6,59,62
23,80,No,7,57,68
18,96,Yes,4,93,72
14,70,Yes,7,53,61
19,95,Yes,5,86,67
22,86,No,6,60,70
16,61,Yes,4,51,59
19,89,Yes,6,90,70
14,61,No,7,85,60
27,100,No,7,67,74
18,95,Yes,6,54,68
29,72,No,7,68,67
29,70,No,6,59,67
20,75,Yes,7,97,66
14,74,No,7,76,63
7,75,No,7,98,62
11,73,Yes,7,68,64
12,85,Yes,6,78,68
28,67,No,8,60,65
21,94,Yes,8,90,71
22,92,Yes,7,52,68
7,79,Yes,9,85,62
13,94,Yes,7,70,68
25,70,Yes,7,79,68
22,61,Yes,7,80,67
19,85,Yes,7,86,67
23,78,Yes,6,60,70
30,83,Yes,4,77,69
19,96,No,7,71,70
20,99,No,8,64,69
21,85,Yes,5,75,70
34,91,No,9,98,72
7,63,No,5,97,59
24,66,No,6,64,64
19,89,Yes,10,94,72
23,77,Yes,8,94,70
16,78,No,7,62,63
20,72,Yes,7,80,66
24,84,No,9,93,72
39,67,Yes,5,76,71
25,85,No,9,68,71
15,67,Yes,6,83,62
17,63,Yes,8,59,62
17,73,No,6,58,64
9,69,Yes,10,92,65
18,96,Yes,7,52,68
24,62,Yes,5,90,67
12,67,Yes,8,65,61
26,82,Yes,9,74,68
23,79,No,9,77,68
16,62,No,7,88,62
19,60,No,8,94,62
30,100,Yes,6,90,74
24,86,Yes,8,79,68
20,75,No,8,67,66
19,79,No,4,76,67
20,71,No,5,52,65
17,74,Yes,7,62,66
7,86,No,7,68,67
32,95,Yes,7,66,76
21,67,Yes,7,55,66
22,94,No,9,53,68
20,65,Yes,8,71,63
16,69,Yes,4,54,65
19,61,No,10,64,63
10,66,No,4,74,59
34,97,No,8,60,74
13,78,Yes,5,54,62
14,63,Yes,9,72,59
17,98,Yes,7,72,71
28,95,No,8,96,73
20,90,Yes,4,56,68
13,97,Yes,8,81,68
28,69,Yes,8,66,66
24,93,Yes,8,56,69
23,88,No,8,70,70
24,95,Yes,7,71,74
34,92,No,7,68,75
33,74,Yes,6,88,71
16,91,Yes,6,92,71
30,70,No,9,57,65
22,73,No,6,58,65
23,64,No,4,71,65
10,97,No,6,66,67
19,72,Yes,8,91,67
15,81,Yes,7,100,67
25,76,Yes,8,59,71
26,98,No,4,88,72
8,73,Yes,4,80,62
20,91,Yes,7,82,70
27,94,No,9,63,72
19,77,Yes,4,55,64
24,75,Yes,8,77,66
22,90,Yes,9,81,69
22,97,No,7,98,71
18,90,No,8,84,68
13,69,Yes,7,72,63
13,96,Yes,7,100,71
24,76,Yes,8,69,65
20,83,Yes,10,58,66
19,93,Yes,6,81,68
17,68,Yes,7,63,61
18,91,No,6,96,71
26,84,Yes,7,71,70
18,96,No,7,57,66
12,67,Yes,9,57,61
24,77,Yes,9,82,67
19,93,Yes,8,68,72
20,61,No,9,68,65
30,64,No,6,81,68
20,100,Yes,6,61,70
22,71,Yes,8,57,63
13,99,No,7,83,69
19,67,No,10,50,62
24,74,No,4,95,71
11,90,Yes,8,59,64
21,86,No,8,72,69
21,83,Yes,6,61,71
20,81,Yes,6,61,63
26,94,Yes,6,92,72
22,69,Yes,5,79,66
29,78,Yes,9,66,69
14,66,Yes,10,63,60
21,84,Yes,6,61,68
21,70,No,6,78,65
14,73,No,5,87,67
26,79,Yes,5,63,66
34,61,Yes,6,67,68
20,64,Yes,9,86,63
23,87,Yes,10,87,73
21,77,Yes,6,60,66
16,95,Yes,6,69,67
9,88,Yes,5,93,66
16,60,No,8,87,60
12,85,No,8,58,67
30,64,No,7,69,67
19,91,Yes,6,99,70
18,100,No,9,76,69
25,81,Yes,8,86,68
13,87,Yes,8,55,67
15,69,No,8,92,63
20,78,No,7,80,70
26,94,No,6,59,71
23,67,Yes,8,69,67
21,71,No,8,54,64
20,78,No,8,89,66
22,88,Yes,5,87,70
21,75,Yes,8,75,65
14,97,Yes,7,73,68
20,64,Yes,6,73,65
14,75,No,8,52,65
20,88,Yes,7,68,69
17,69,No,10,56,63
35,86,No,8,59,70
20,67,Yes,7,98,64
12,62,Yes,7,63,62
19,65,Yes,5,74,66
23,97,Yes,9,94,73
30,82,Yes,7,71,72
16,92,Yes,7,76,68
11,73,No,5,58,62
25,84,No,8,64,67
12,80,No,6,75,62
17,98,No,6,68,72
18,90,No,7,52,67
20,89,Yes,6,70,68
24,62,Yes,6,91,65
16,82,No,7,56,79
18,79,No,9,51,66
20,97,Yes,8,56,68
21,70,Yes,8,84,65
21,71,Yes,8,90,67
23,76,Yes,6,52,67
25,70,Yes,9,94,67
22,65,Yes,4,81,68
23,94,No,8,76,72
11,82,No,8,63,65
20,94,No,7,69,65
23,93,Yes,6,97,70
24,71,Yes,7,96,67
16,82,Yes,6,81,68
16,63,No,8,79,63
17,97,Yes,8,61,68
23,76,Yes,8,98,69
26,76,Yes,8,88,66
18,72,Yes,8,69,64
25,78,Yes,8,91,69
21,70,No,6,61,62
19,75,Yes,5,61,65
19,92,Yes,7,90,70
24,93,Yes,8,78,72
22,72,No,5,78,66
34,79,Yes,7,79,70
15,95,No,9,56,67
23,62,Yes,7,67,65
17,96,Yes,9,79,68
15,69,Yes,9,62,62
20,87,Yes,7,75,68
21,83,No,6,78,69
38,82,No,6,97,72
19,94,No,7,62,65
13,64,Yes,5,72,63
22,74,Yes,5,99,68
8,82,No,4,59,62
19,92,Yes,7,89,69
20,69,No,10,59,65
25,92,No,4,93,74
26,76,Yes,7,74,70
17,68,Yes,7,99,65
19,90,No,7,59,70
15,64,Yes,9,84,59
13,81,Yes,6,85,63
22,63,Yes,4,86,64
12,74,Yes,6,55,63
18,84,No,6,64,67
14,82,Yes,4,67,65
23,76,No,7,66,67
31,77,No,5,84,73
12,69,Yes,7,53,64
9,78,No,6,87,65
19,98,Yes,5,76,72
20,94,No,8,59,72
21,66,No,7,61,66
17,61,Yes,7,55,62
19,97,No,8,73,68
22,81,Yes,7,80,67
26,82,No,7,79,69
8,91,No,6,98,67
18,73,No,5,65,63
21,79,Yes,7,88,65
14,99,No,6,86,71
30,87,No,8,53,70
16,66,Yes,7,97,68
20,65,Yes,8,97,65
23,68,Yes,6,70,68
16,91,Yes,5,71,69
9,72,Yes,10,91,62
17,61,Yes,7,75,62
26,98,No,8,90,72
18,67,No,5,52,64
15,60,No,7,63,58
26,69,No,9,55,66
18,69,Yes,5,73,64
17,77,Yes,10,93,68
21,97,No,7,78,69
25,95,No,6,76,71
34,78,Yes,8,68,71
25,76,Yes,9,53,67
27,82,Yes,6,88,71
17,70,Yes,6,79,64
14,62,Yes,7,97,62
20,98,No,8,72,70
21,67,No,7,70,63
14,68,Yes,8,99,66
19,79,Yes,8,57,65
22,80,No,7,63,69
22,61,Yes,6,74,63
23,66,No,7,76,64
22,75,Yes,10,77,66
17,87,Yes,7,61,67
17,69,Yes,9,96,66
13,77,No,6,85,65
31,82,Yes,7,63,72
20,96,Yes,8,65,70
19,73,Yes,9,94,67
14,65,No,9,69,64
38,80,No,5,78,72
14,90,Yes,9,56,65
17,64,Yes,10,63,62
22,77,No,6,71,67
24,61,No,6,83,64
26,61,No,7,64,63
31,79,No,7,98,72
23,72,No,6,61,66
14,94,Yes,5,89,70
18,84,Yes,9,68,66
22,78,No,6,92,70
32,76,Yes,6,96,67
12,80,Yes,7,59,64
27,62,No,5,75,67
21,96,Yes,5,58,72
25,100,No,6,85,72
19,67,Yes,8,92,68
15,65,Yes,7,69,64
25,66,Yes,4,70,66
24,86,No,9,60,68
26,86,No,8,65,66
20,94,Yes,7,66,70
16,90,Yes,7,58,70
11,78,Yes,8,65,62
25,85,Yes,10,95,69
23,88,Yes,8,66,69
14,81,Yes,7,64,66
17,79,No,5,69,68
17,86,No,7,98,71
11,82,Yes,8,88,64
15,86,No,7,60,67
13,85,Yes,6,88,68
18,89,Yes,8,88,67
16,86,No,6,98,68
10,81,Yes,8,95,69
32,87,Yes,6,55,71
28,78,Yes,4,73,68
15,70,No,6,85,65
22,60,No,7,99,63
23,82,Yes,8,54,65
27,84,No,8,68,72
15,99,Yes,5,75,67
27,74,No,7,71,69
17,76,No,6,73,67
12,68,Yes,6,68,64
24,63,No,6,99,62
28,91,No,7,90,71
36,70,No,10,87,70
13,84,No,10,71,64
24,88,Yes,6,94,69
18,79,Yes,7,55,65
25,95,Yes,7,57,73
11,78,Yes,7,98,64
12,71,Yes,8,78,64
15,96,Yes,7,58,70
20,94,Yes,6,97,70
16,67,No,9,99,64
24,61,No,5,94,64
26,64,Yes,7,62,66
24,71,Yes,5,64,66
30,99,Yes,5,70,74
22,82,No,8,79,69
13,75,Yes,6,100,67
28,96,No,4,98,73
16,78,No,6,96,66
25,73,No,6,54,67
29,98,Yes,5,88,75
23,94,Yes,8,94,73
11,94,No,5,67,67
14,80,Yes,6,61,65
28,92,Yes,7,87,71
19,67,Yes,6,55,63
20,83,Yes,6,97,68
25,99,No,6,58,72
24,72,Yes,5,73,67
22,92,No,6,99,71
19,80,No,8,99,67
18,62,Yes,6,89,66
25,91,No,7,92,72
23,67,No,9,98,64
18,85,No,8,96,68
26,63,No,5,81,65
19,98,Yes,8,87,74
15,72,Yes,9,80,65
15,69,Yes,6,75,63
14,65,Yes,5,94,65
18,98,Yes,6,87,70
27,88,Yes,7,93,71
15,90,Yes,8,55,66
21,80,Yes,6,79,69
16,79,Yes,4,66,67
18,64,Yes,5,76,64
11,82,No,8,81,67
19,70,Yes,10,92,67
19,99,No,7,52,70
23,92,No,9,58,71
21,77,Yes,5,96,68
13,66,No,6,98,65
27,91,No,4,53,70
21,65,Yes,8,67,64
21,68,Yes,6,50,67
20,68,No,8,88,63
17,82,Yes,6,84,65
21,91,Yes,10,78,70
23,73,No,10,85,67
10,63,No,4,77,60
17,79,No,8,62,64
18,90,No,6,88,65
22,69,No,8,89,64
27,69,Yes,5,93,67
15,98,Yes,9,98,71
17,98,No,9,87,69
17,100,Yes,5,53,70
15,92,Yes,7,51,69
18,68,Yes,7,87,69
25,68,Yes,8,53,64
14,74,Yes,7,66,63
23,73,No,8,57,67
10,98,No,7,98,66
17,92,Yes,8,66,69
18,89,No,5,53,69
30,67,No,7,97,69
18,96,Yes,9,80,72
7,93,Yes,9,52,65
8,67,Yes,7,92,63
20,95,No,7,58,69
24,71,Yes,9,90,69
22,63,Yes,7,80,64
21,86,Yes,9,59,69
27,86,No,7,88,72
17,64,No,7,73,62
25,73,Yes,5,82,66
10,100,No,5,93,65
15,87,Yes,8,63,69
9,89,No,10,68,65
18,69,Yes,7,100,67
20,63,Yes,7,75,63
21,71,No,9,78,66
20,70,No,8,64,61
14,69,Yes,4,71,64
19,68,Yes,8,75,64
11,83,Yes,5,63,65
28,73,No,7,62,68
18,93,Yes,6,80,69
17,67,No,6,59,61
30,79,No,7,78,72
13,61,Yes,8,85,61
13,79,No,7,60,66
13,62,Yes,9,87,60
20,99,No,9,68,69
23,92,No,9,100,72
24,80,Yes,7,99,69
35,63,Yes,6,90,71
7,84,No,7,67,64
24,90,Yes,9,97,71
17,68,Yes,9,100,64
16,83,Yes,4,73,67
16,93,Yes,7,81,67
15,91,Yes,4,50,66
30,92,Yes,7,52,73
25,95,Yes,6,75,73
20,98,No,6,80,70
28,76,Yes,8,66,70
11,83,Yes,6,55,62
12,92,Yes,7,89,68
7,88,Yes,6,71,65
16,100,Yes,7,82,73
21,61,Yes,8,83,65
21,74,Yes,6,77,66
21,71,Yes,8,59,64
12,70,No,7,81,63
25,69,No,7,66,62
21,88,Yes,6,91,70
24,63,No,8,60,65
9,90,Yes,8,65,64
22,88,No,7,72,70
13,70,No,7,87,62
18,70,No,8,86,67
23,85,No,8,67,66
21,90,Yes,7,76,74
15,95,Yes,9,62,69
20,94,Yes,8,89,70
11,99,No,10,60,68
27,83,No,5,91,70
19,96,Yes,8,97,71
27,92,Yes,9,100,73
17,96,No,9,93,69
17,60,Yes,7,61,61
15,99,Yes,5,71,68
25,79,Yes,9,54,66
16,92,Yes,6,58,67
24,65,Yes,7,52,64
18,76,Yes,10,82,67
8,71,Yes,5,77,61
17,72,No,8,96,65
13,65,Yes,6,73,62
20,92,No,6,82,69
13,60,No,7,70,61
26,73,No,8,91,69
19,67,No,8,96,64
19,84,No,9,72,65
24,70,No,6,54,64
26,70,Yes,5,58,68
20,80,Yes,6,86,67
15,86,Yes,8,66,68
9,65,Yes,7,89,61
16,67,Yes,4,87,69
16,70,Yes,4,85,64
21,99,Yes,7,91,74
18,76,No,8,88,66
24,84,No,6,82,68
16,70,Yes,8,50,65
20,80,Yes,5,76,66
27,63,No,7,80,66
22,61,No,7,98,65
20,79,No,8,83,67
16,76,Yes,5,79,65
16,65,No,5,77,63
15,88,No,8,55,67
17,100,Yes,5,71,70
25,76,Yes,6,57,68
19,85,Yes,9,53,66
12,99,Yes,7,66,67
31,93,No,8,82,72
22,79,Yes,8,93,68
12,89,No,8,91,66
17,65,No,7,65,62
21,80,Yes,6,52,65
30,71,No,10,70,67
13,66,Yes,7,66,62
26,77,Yes,7,69,66
28,65,No,8,78,67
16,88,Yes,6,52,68
18,78,Yes,6,69,66
14,81,No,9,78,68
19,66,No,6,72,62
20,66,No,8,83,64
24,83,No,8,59,68
27,99,Yes,7,58,71
16,64,No,7,65,63
8,71,No,8,55,62
20,95,Yes,7,62,69
22,63,Yes,4,54,62
21,95,Yes,9,70,71
18,81,Yes,6,86,69
21,76,Yes,7,64,66
29,72,No,5,50,64
22,72,No,6,78,65
18,72,No,6,85,68
17,95,No,7,70,69
19,89,Yes,6,65,68
30,87,Yes,10,75,71
19,92,No,7,55,66
20,70,No,8,82,65
17,85,Yes,7,87,68
27,78,No,8,85,72
32,91,Yes,4,66,75
23,72,Yes,6,92,67
20,86,No,6,97,67
20,95,No,6,65,70
6,76,Yes,8,63,64
24,63,Yes,8,85,65
21,81,Yes,7,85,68
23,74,No,7,76,67
16,87,Yes,10,96,66
18,98,No,7,57,69
18,79,No,4,74,64
26,79,Yes,8,52,68
18,86,No,8,53,68
32,64,Yes,9,53,65
23,70,Yes,8,75,65
12,97,Yes,6,79,65
19,87,No,8,50,67
16,61,Yes,7,82,63
7,68,No,9,74,62
30,87,Yes,9,61,73
24,91,Yes,7,51,72
23,94,No,8,58,71
21,72,No,9,80,67
12,97,Yes,7,83,66
17,82,Yes,10,82,68
25,88,Yes,9,58,70
14,84,Yes,6,96,66
5,65,No,7,71,56
19,99,Yes,8,88,71
19,65,No,10,58,64
21,70,No,8,74,65
24,93,Yes,7,76,70
24,85,Yes,9,89,70
22,94,Yes,7,81,71
27,81,Yes,6,70,70
11,75,No,8,64,62
23,97,Yes,6,99,72
24,61,No,10,64,62
13,94,Yes,7,56,67
11,69,Yes,8,65,58
16,94,Yes,6,66,69
16,66,No,9,56,60
25,83,Yes,7,85,72
16,96,No,7,81,66
15,79,Yes,7,66,66
16,90,Yes,5,100,69
27,92,Yes,7,83,70
20,89,Yes,8,85,70
19,97,No,5,78,70
19,78,Yes,9,78,67
28,67,Yes,7,51,67
16,62,No,7,89,59
28,70,Yes,4,96,67
21,66,Yes,7,56,65
19,82,No,5,90,68
35,67,Yes,6,77,71
14,62,No,5,64,61
18,61,Yes,6,96,63
13,93,Yes,7,51,67
26,84,No,7,64,69
30,74,No,8,94,70
30,96,Yes,4,74,69
27,63,Yes,7,80,66
19,99,Yes,7,87,70
18,85,Yes,6,57,67
10,67,No,6,61,61
32,87,Yes,9,100,74
23,91,Yes,10,62,70
17,77,Yes,4,77,66
28,94,Yes,6,65,73
14,66,Yes,5,93,62
22,71,Yes,7,98,65
19,64,No,9,57,62
24,68,Yes,8,80,64
20,70,Yes,7,91,63
11,97,No,7,91,69
20,63,No,7,72,63
26,77,Yes,8,61,67
20,81,No,8,69,65
25,96,No,8,88,71
14,100,Yes,4,100,71
20,90,No,7,78,69
16,99,Yes,7,60,71
24,91,Yes,8,52,68
20,99,Yes,7,97,70
24,88,Yes,8,74,71
27,63,Yes,6,86,68
24,76,No,8,83,69
22,86,Yes,9,95,71
14,74,No,5,63,63
20,71,No,5,72,66
17,83,No,8,96,67
18,97,Yes,7,79,71
18,61,No,9,54,59
14,91,Yes,7,60,67
8,89,No,8,62,66
16,99,Yes,6,100,72
21,97,No,8,61,70
12,90,Yes,8,93,68
20,81,No,6,54,63
31,68,No,9,59,69
26,82,No,4,94,67
30,91,Yes,7,95,75
22,96,Yes,5,59,67
27,92,Yes,5,61,74
16,68,Yes,8,77,66
16,84,Yes,5,53,65
4,73,Yes,5,97,60
27,60,No,8,68,63
29,68,Yes,5,74,69
17,65,No,9,55,64
18,94,Yes,8,52,68
15,70,No,6,73,63
22,71,Yes,8,56,65
27,98,No,4,82,74
10,75,Yes,8,90,65
22,60,Yes,5,52,61
18,71,Yes,6,81,66
21,65,Yes,6,91,67
23,64,Yes,9,72,66
19,63,No,6,98,69
19,84,Yes,7,56,65
19,68,No,6,66,65
26,74,No,6,62,66
23,94,No,5,100,73
21,77,Yes,7,65,64
12,97,Yes,7,69,67
18,80,Yes,8,92,67
25,76,Yes,7,96,68
20,90,Yes,7,97,71
24,63,Yes,8,78,64
31,64,Yes,6,83,67
26,86,No,5,67,68
21,79,Yes,8,80,67
17,92,Yes,6,65,70
5,97,Yes,7,87,64
19,76,Yes,6,65,63
18,84,No,6,94,71
22,80,No,4,57,64
19,99,No,8,79,70
18,93,No,4,76,70
9,96,Yes,9,63,67
14,70,Yes,9,51,62
23,91,No,6,57,69
30,71,No,9,98,69
19,68,No,10,97,62
22,98,No,7,56,70
26,61,Yes,8,69,66
15,99,No,7,73,69
22,66,Yes,9,74,65
16,93,Yes,5,65,66
25,71,Yes,7,96,69
21,74,Yes,8,95,66
22,69,Yes,8,51,65
15,83,Yes,7,83,66
24,74,Yes,9,54,63
33,86,Yes,7,80,72
14,61,Yes,7,93,62
18,63,No,8,82,64
21,64,No,7,73,61
25,77,Yes,7,98,70
17,93,No,6,87,67
3,96,Yes,10,62,66
28,70,Yes,6,69,66
25,83,Yes,8,88,68
10,91,Yes,10,51,67
16,72,No,5,53,65
29,76,Yes,8,93,70
29,81,Yes,7,52,69
26,65,Yes,10,84,68
19,61,No,6,66,61
20,66,Yes,6,91,65
19,85,No,7,92,71
27,63,No,6,98,66
15,68,No,6,55,62
15,74,No,10,71,61
26,63,Yes,7,79,67
20,68,Yes,6,96,66
28,96,No,6,63,71
16,61,Yes,8,54,62
20,86,Yes,8,60,67
14,75,Yes,6,75,64
20,87,No,5,84,68
11,84,Yes,7,85,67
17,69,Yes,7,54,63
11,94,No,6,88,70
24,80,Yes,9,83,67
24,93,Yes,8,70,71
10,76,Yes,7,79,62
28,99,Yes,6,88,75
35,91,Yes,10,63,72
20,99,Yes,5,97,73
16,81,No,6,57,64
37,79,No,6,95,73
12,90,Yes,7,87,66
20,95,No,8,83,69
21,99,Yes,5,54,70
28,73,Yes,6,96,70
22,92,No,8,65,71
17,68,Yes,6,87,64
14,82,No,6,94,71
18,67,Yes,7,62,63
14,74,Yes,6,96,68
20,97,No,7,81,71
17,66,Yes,8,83,65
11,85,Yes,7,96,66
28,84,Yes,9,76,72
17,65,Yes,8,72,65
12,73,No,7,82,60
19,83,No,7,78,67
20,67,No,10,53,65
10,92,Yes,6,59,64
22,99,Yes,7,51,72
14,69,No,6,55,62
30,67,Yes,8,86,67
23,78,Yes,10,50,67
18,90,No,7,65,69
16,71,Yes,7,72,65
19,61,No,7,97,62
24,82,Yes,5,66,69
20,98,No,7,89,72
19,76,Yes,10,70,63
20,77,No,8,55,64
16,99,Yes,9,55,67
18,88,No,9,72,70
7,89,Yes,6,53,64
26,83,No,10,79,69
22,99,No,4,75,72
15,88,Yes,7,85,69
31,96,Yes,4,59,75
21,88,No,4,80,67
14,89,Yes,8,59,67
25,72,No,6,86,66
22,72,Yes,9,65,64
22,91,No,4,81,68
17,72,Yes,7,94,66
23,83,No,5,74,69
18,70,Yes,7,60,65
23,93,Yes,9,94,70
9,64,Yes,10,68,57
17,93,No,8,87,69
30,84,Yes,5,66,70
15,67,Yes,5,65,63
16,82,No,7,82,66
17,71,Yes,6,58,64
13,73,No,8,93,65
7,74,No,10,69,64
19,63,Yes,6,51,62
21,99,Yes,6,65,71
20,61,No,5,89,64
19,86,Yes,7,93,72
20,75,No,7,78,64
26,86,Yes,7,65,71
19,74,Yes,8,76,68
17,87,Yes,8,92,68
18,89,No,7,66,68
23,88,No,7,69,69
28,65,Yes,7,77,67
16,86,No,7,94,66
21,71,Yes,6,79,65
22,61,No,5,60,63
14,77,No,7,54,62
20,77,No,6,55,67
11,79,Yes,8,98,65
9,88,Yes,7,91,66
22,72,No,7,88,66
18,73,Yes,8,75,64
21,62,Yes,5,84,67
20,87,No,10,56,67
14,83,No,4,81,61
20,74,Yes,9,91,66
13,88,Yes,7,53,66
28,81,Yes,6,65,67
12,79,No,5,56,64
19,80,No,6,63,64
14,85,No,7,89,67
23,86,No,7,67,68
18,72,No,9,84,64
17,66,Yes,7,89,63
25,66,Yes,7,91,68
20,86,No,8,94,64
23,95,Yes,7,80,70
14,76,No,7,64,64
12,67,No,7,58,59
21,90,Yes,8,75,71
18,93,Yes,6,55,67
24,95,Yes,6,96,73
20,84,No,8,72,66
21,94,No,5,94,73
10,61,Yes,7,85,62
31,64,No,6,93,69
19,64,No,8,94,66
24,89,Yes,9,53,68
15,63,Yes,6,86,65
22,80,Yes,8,61,67
12,79,Yes,7,99,64
23,72,Yes,6,89,67
18,95,Yes,7,50,66
20,67,No,9,96,68
24,74,Yes,7,65,68
13,91,Yes,9,71,64
16,61,Yes,7,81,63
23,87,No,5,96,72
33,93,No,7,96,75
19,97,No,5,78,71
24,95,No,7,66,71
19,73,Yes,6,64,66
32,83,Yes,10,68,71
10,63,No,9,59,61
21,70,Yes,7,83,65
10,64,No,9,76,58
5,73,Yes,6,89,62
22,95,No,5,55,69
21,74,Yes,8,70,65
18,82,Yes,8,62,69
19,77,Yes,6,77,68
39,78,No,6,73,70
18,99,Yes,8,72,72
23,72,Yes,4,66,66
16,85,Yes,8,86,68
22,77,Yes,7,74,67
19,62,Yes,8,60,61
18,80,Yes,8,77,64
31,93,No,6,80,74
27,64,No,5,51,64
21,63,Yes,9,60,64
6,66,Yes,7,62,61
18,91,Yes,7,62,71
36,89,Yes,8,62,72
19,83,No,6,64,68
27,79,Yes,8,63,69
29,96,No,8,94,74
21,91,Yes,9,66,70
15,92,Yes,9,67,69
5,93,No,7,63,64
24,86,Yes,8,98,71
15,78,Yes,7,77,65
21,95,Yes,7,81,71
13,97,Yes,5,87,71
18,61,Yes,7,67,66
20,62,No,4,98,64
22,98,No,7,58,70
13,71,No,9,73,61
27,95,Yes,8,57,71
16,76,No,7,90,65
10,65,No,7,55,59
19,63,Yes,6,78,63
20,66,Yes,6,55,64
21,70,No,8,73,63
28,80,No,5,64,70
19,88,Yes,5,95,70
19,99,Yes,8,53,72
13,78,No,7,82,65
25,81,Yes,7,85,71
21,81,Yes,7,94,70
17,82,No,10,94,66
9,81,Yes,7,99,64
29,60,No,7,63,64
13,60,No,10,64,59
16,64,Yes,7,70,65
22,64,Yes,10,77,66
13,88,Yes,4,68,67
11,68,Yes,5,87,62
7,96,No,6,50,65
24,97,Yes,8,51,73
17,99,No,10,86,70
38,98,No,6,94,75
14,71,Yes,8,89,66
14,80,No,10,56,65
17,67,No,9,97,64
21,92,No,6,76,70
17,96,Yes,8,87,71
24,94,No,8,60,68
14,77,Yes,6,77,64
12,90,No,8,67,67
9,64,Yes,6,99,65
7,62,Yes,7,74,62
17,90,Yes,5,88,68
18,77,Yes,4,80,66
16,100,Yes,7,55,69
27,64,Yes,7,77,68
27,94,No,5,77,71
18,79,Yes,8,86,68
9,93,Yes,7,66,64
17,93,No,8,93,66
16,97,Yes,8,81,70
16,72,No,9,52,60
16,98,Yes,8,85,69
16,66,Yes,7,95,65
18,63,Yes,7,84,66
16,77,No,10,69,64
21,93,No,8,80,71
22,79,No,7,59,66
15,93,Yes,7,80,66
28,89,No,6,75,68
14,68,No,5,51,63
10,98,Yes,10,66,66
22,62,No,8,60,61
15,96,No,5,70,70
22,72,Yes,7,62,68
6,80,Yes,9,92,65
28,77,No,6,85,69
24,67,Yes,6,87,67
11,74,No,8,68,62
11,68,Yes,8,50,61
30,68,Yes,6,61,70
16,67,Yes,6,88,65
15,80,No,8,80,65
6,92,Yes,5,77,66
18,83,Yes,6,64,66
19,96,Yes,7,54,69
24,85,No,8,89,70
12,88,No,6,52,63
11,87,No,8,53,64
23,78,No,9,65,65
26,88,Yes,6,79,71
11,63,Yes,10,100,61
26,94,Yes,9,55,69
20,91,No,7,74,69
27,70,No,7,80,66
20,91,No,6,91,72
5,61,No,9,84,60
19,69,No,7,90,62
26,63,Yes,5,76,66
15,91,Yes,4,72,69
18,90,No,7,81,69
19,93,No,7,95,71
3,60,Yes,6,78,57
30,80,No,5,80,72
15,88,Yes,4,67,66
23,66,Yes,6,80,66
19,86,No,6,81,70
28,63,No,8,88,67
22,67,Yes,7,79,65
19,79,Yes,9,60,63
15,86,No,8,79,68
25,66,Yes,8,65,63
9,67,Yes,8,54,63
24,68,Yes,5,91,68
13,70,Yes,6,53,60
28,69,No,10,82,67
21,76,Yes,4,99,65
24,86,Yes,7,54,68
20,78,No,8,61,62
9,91,No,4,88,65
15,89,Yes,6,55,66
24,65,Yes,10,92,67
21,62,Yes,7,50,60
27,95,Yes,6,94,74
22,63,Yes,7,53,62
14,66,Yes,6,96,61
15,61,No,10,93,63
21,85,No,6,77,66
6,83,No,6,89,65
30,99,No,5,54,72
23,95,No,7,57,70
27,76,Yes,7,68,71
11,75,Yes,9,77,64
27,72,No,5,93,70
33,66,No,8,77,68
12,66,Yes,7,83,61
25,65,Yes,4,84,68
20,65,No,6,94,64
11,70,Yes,6,89,64
23,72,Yes,10,99,71
25,98,Yes,8,51,72
16,83,Yes,7,60,66
27,100,Yes,4,97,74
10,75,Yes,4,90,65
11,78,No,8,63,64
21,73,Yes,8,99,69
20,67,No,6,93,62
16,66,Yes,7,53,62
25,98,Yes,7,91,72
23,99,No,7,89,73
25,62,No,6,61,64
19,66,No,8,83,65
24,77,Yes,9,99,70
17,67,Yes,6,84,66
32,75,No,5,91,70
15,65,Yes,6,55,63
33,78,No,7,86,69
20,71,Yes,8,60,64
12,74,No,8,54,63
28,64,No,8,78,66
21,77,Yes,8,88,68
25,99,Yes,7,77,97
27,73,No,9,97,67
22,95,No,7,85,71
16,94,Yes,8,56,66
26,98,Yes,7,97,72
20,92,Yes,7,58,70
24,86,Yes,7,88,69
7,94,Yes,9,57,66
23,63,No,7,100,69
16,79,Yes,6,67,65
30,100,No,6,75,75
24,91,No,8,73,70
21,98,Yes,6,55,70
23,91,Yes,7,75,69
14,95,No,7,57,68
30,88,Yes,6,90,73
32,90,Yes,5,98,74
22,81,No,5,90,66
30,97,Yes,6,72,74
17,93,Yes,5,50,67
15,94,Yes,8,52,67
20,87,No,10,75,70
23,72,Yes,6,84,67
18,61,Yes,6,91,80
23,97,Yes,6,80,70
22,83,No,8,99,71
14,72,No,8,75,64
23,66,Yes,7,80,68
25,93,No,5,62,68
21,93,Yes,6,67,69
27,93,Yes,7,84,72
13,86,No,7,80,65
23,75,Yes,7,68,64
13,72,No,8,56,64
13,60,No,5,67,58
16,93,Yes,7,52,69
14,63,No,7,79,61
17,85,Yes,6,66,68
19,80,Yes,6,69,66
25,81,No,8,79,68
18,97,No,5,79,70
10,61,Yes,10,79,62
27,91,No,8,75,71
15,62,No,7,74,61
20,62,Yes,7,91,64
23,77,No,8,73,65
21,63,Yes,6,77,63
27,92,Yes,6,99,74
23,81,No,9,59,68
15,61,Yes,6,86,65
33,62,No,7,74,66
21,85,Yes,6,92,69
19,92,Yes,7,70,69
26,78,No,8,65,70
21,82,Yes,10,60,70
22,92,Yes,6,94,71
35,84,No,5,86,72
18,69,No,7,54,61
18,85,Yes,6,86,68
21,85,Yes,7,52,66
26,89,Yes,8,59,70
11,85,No,10,80,63
8,99,Yes,6,73,68
16,68,Yes,4,92,62
10,98,No,7,80,69
17,82,Yes,8,98,69
23,87,Yes,6,93,72
15,64,Yes,7,67,64
11,75,No,7,92,63
20,91,Yes,7,93,70
25,88,Yes,8,98,69
10,62,No,7,51,61
25,82,No,8,94,70
25,64,Yes,4,53,64
26,100,Yes,6,76,76
27,96,Yes,6,71,73
33,61,Yes,5,96,67
18,94,Yes,7,70,69
21,97,Yes,6,80,72
18,74,No,6,85,66
20,89,Yes,8,51,70
29,78,Yes,7,80,73
12,86,Yes,5,76,68
15,74,No,6,80,66
28,73,Yes,8,54,67
26,77,No,7,53,67
18,66,Yes,9,59,62
25,93,No,8,93,72
22,74,Yes,6,68,65
29,76,Yes,9,72,69
20,96,No,9,70,69
26,80,Yes,4,86,69
36,82,Yes,7,63,69
24,98,Yes,6,53,69
20,95,Yes,7,69,70
24,67,No,6,86,67
18,79,Yes,6,96,69
34,99,Yes,8,53,75
21,75,Yes,5,91,66
18,75,Yes,7,53,63
15,68,Yes,5,67,64
27,65,Yes,9,51,66
25,90,Yes,7,96,72
17,91,No,8,85,71
23,99,Yes,7,68,70
11,91,No,7,69,67
21,70,No,7,82,65
23,62,Yes,9,54,65
30,99,Yes,6,57,73
15,74,Yes,4,92,66
12,72,Yes,6,60,62
15,96,No,5,86,71
12,83,No,8,61,66
28,69,Yes,7,54,65
29,96,Yes,8,95,75
22,100,No,7,95,74
27,63,Yes,7,80,65
21,94,No,7,73,71
19,76,Yes,9,78,65
18,81,Yes,7,70,65
18,97,No,9,88,67
11,99,Yes,9,88,67
22,70,No,7,91,66
20,69,Yes,7,76,67
24,63,No,6,90,66
21,82,No,9,58,65
19,61,Yes,6,52,59
15,76,Yes,6,82,69
20,63,No,7,55,63
24,76,No,5,78,65
13,62,No,6,86,61
21,93,No,9,70,68
21,68,Yes,8,52,65
16,73,No,6,94,61
16,95,Yes,8,52,69
21,90,Yes,10,95,72
13,69,Yes,7,53,59
22,63,No,9,87,63
15,89,Yes,8,96,69
26,76,No,7,95,67
34,91,No,7,95,70
15,78,No,8,94,67
23,74,Yes,6,76,66
16,78,Yes,4,78,68
26,90,Yes,6,81,71
12,96,No,4,95,69
23,62,Yes,6,92,65
15,81,No,4,89,66
19,61,Yes,8,84,66
14,79,No,5,81,67
25,95,Yes,8,96,74
15,74,No,8,60,66
23,97,Yes,8,60,72
18,85,Yes,4,99,69
19,97,No,9,78,68
21,90,Yes,8,74,71
15,64,No,8,93,61
21,69,Yes,10,92,65
29,76,Yes,8,59,71
15,67,Yes,5,59,59
27,80,No,8,90,71
29,79,No,5,89,72
15,98,Yes,7,61,71
11,77,Yes,6,92,61
22,91,No,7,74,67
17,98,No,5,73,67
31,95,No,5,99,74
20,68,No,6,76,66
15,80,Yes,7,57,63
13,74,No,6,64,63
27,76,No,9,67,68
17,74,Yes,8,98,65
20,93,No,8,63,66
26,78,No,6,72,67
17,81,No,5,87,67
20,99,Yes,7,64,70
20,62,Yes,10,85,65
24,80,Yes,7,60,68
24,91,Yes,9,62,70
19,66,No,9,99,66
20,84,Yes,8,68,69
18,70,No,7,86,65
11,95,Yes,6,92,68
22,73,Yes,7,67,65
31,73,Yes,6,68,70
15,84,Yes,7,89,65
15,67,Yes,5,80,67
15,71,No,6,68,64
24,77,No,8,87,68
23,74,Yes,6,93,70
19,81,Yes,6,62,64
14,84,No,6,51,67
21,83,No,7,64,68
11,86,Yes,4,84,67
21,72,Yes,6,96,66
25,65,Yes,8,93,66
12,90,Yes,7,61,66
11,94,Yes,8,94,67
29,70,Yes,4,91,69
16,76,No,6,87,65
27,80,Yes,7,84,68
19,81,No,8,90,67
19,86,Yes,9,93,69
23,62,No,8,91,64
15,89,No,6,56,67
21,62,No,6,86,67
18,79,No,9,92,67
12,93,No,6,59,67
22,78,Yes,5,61,68
18,66,Yes,7,89,65
19,99,No,9,67,70
13,96,No,6,70,68
30,91,Yes,6,69,72
25,76,No,6,61,67
26,67,Yes,8,97,66
18,98,Yes,7,90,68
10,81,No,8,63,64
32,94,Yes,9,55,75
20,74,Yes,5,69,66
16,73,Yes,6,71,67
23,99,No,6,50,71
27,81,No,7,94,68
20,66,Yes,8,93,65
28,69,Yes,6,93,67
26,79,Yes,6,90,66
14,62,No,8,87,60
16,79,No,8,82,64
26,77,Yes,7,98,69
4,91,No,4,86,64
19,74,No,9,82,66
11,99,Yes,7,89,72
17,67,Yes,7,62,60
18,84,Yes,6,98,69
18,64,Yes,6,51,62
17,89,Yes,6,82,70
13,100,Yes,4,54,65
34,93,Yes,6,93,77
31,82,Yes,5,98,71
13,79,No,7,70,66
29,93,No,5,93,74
18,97,No,8,67,70
21,100,No,5,58,69
20,76,No,9,64,64
16,100,Yes,8,65,69
26,66,Yes,5,82,68
21,70,Yes,7,90,63
17,64,Yes,6,60,61
12,71,No,8,54,61
15,91,Yes,10,61,65
10,94,No,9,65,65
20,91,Yes,6,64,69
13,85,Yes,7,61,69
18,81,No,9,73,65
28,88,Yes,8,93,72
27,76,Yes,9,55,69
20,94,Yes,8,93,71
19,87,Yes,7,75,67
31,88,No,7,83,72
23,81,No,5,91,70
18,95,Yes,6,65,68
11,70,No,6,98,66
22,75,No,6,54,68
25,91,Yes,7,76,71
16,80,Yes,7,63,63
22,96,No,7,70,70
18,74,No,8,72,65
19,75,Yes,6,96,70
5,96,Yes,8,72,65
19,79,Yes,9,85,68
26,81,Yes,8,98,69
16,73,Yes,6,75,66
20,71,No,8,70,62
15,86,No,8,99,70
22,65,No,8,91,65
19,95,Yes,9,97,71
14,91,Yes,8,70,68
28,68,Yes,9,85,65
26,88,Yes,7,62,70
16,84,Yes,6,93,69
23,67,Yes,9,97,66
23,71,Yes,6,63,66
24,76,No,10,55,67
10,88,No,9,60,63
26,86,Yes,7,82,70
17,81,No,9,64,65
18,91,No,8,82,70
36,90,Yes,5,68,74
22,85,Yes,6,96,69
18,91,No,7,73,68
7,73,Yes,7,75,64
28,95,No,9,67,73
12,85,Yes,7,54,66
14,93,Yes,5,75,65
18,82,Yes,6,89,66
28,69,No,8,98,67
25,82,No,4,54,67
19,75,Yes,5,90,66
22,88,Yes,6,63,69
16,79,Yes,8,91,69
21,93,No,7,67,68
20,87,No,8,56,64
26,87,Yes,7,81,70
26,69,No,7,95,67
23,99,No,6,59,68
18,94,Yes,8,51,67
24,92,Yes,5,94,73
19,73,Yes,7,85,65
14,81,No,9,90,69
18,65,Yes,6,53,63
21,82,No,5,95,68
25,66,No,4,71,64
19,82,No,8,95,68
13,86,Yes,8,53,66
20,76,No,6,94,65
21,80,Yes,5,84,69
21,95,No,7,78,69
26,64,Yes,9,53,64
26,92,No,5,84,74
16,67,No,9,80,64
16,61,No,4,86,63
14,67,Yes,5,86,64
24,91,Yes,7,72,71
29,76,Yes,8,60,68
18,95,Yes,9,96,72
19,81,Yes,8,96,67
29,61,No,9,61,64
23,89,No,7,82,70
23,64,Yes,6,60,65
13,92,No,9,93,69
24,67,No,9,55,65
14,74,No,8,100,66
13,90,No,8,81,67
18,98,No,9,51,68
16,75,Yes,8,94,65
19,93,No,7,84,68
11,68,Yes,8,85,63
26,92,No,8,64,71
27,86,No,8,67,71
8,68,Yes,7,96,65
26,72,No,8,82,65
15,65,Yes,8,51,61
25,75,Yes,7,66,68
20,68,Yes,6,80,65
20,86,No,9,57,66
19,100,Yes,5,55,69
27,60,No,6,53,65
13,82,No,7,82,65
24,83,No,4,66,70
27,97,No,9,69,70
24,80,Yes,7,53,67
34,82,Yes,9,87,75
17,79,Yes,10,88,65
26,71,Yes,7,91,66
19,62,Yes,9,83,67
27,76,Yes,5,89,67
20,62,No,8,79,62
18,82,Yes,6,75,66
28,72,No,8,63,66
17,81,Yes,8,53,64
12,65,No,7,65,60
17,97,Yes,8,84,70
24,96,No,8,96,72
28,68,Yes,7,63,67
21,74,Yes,10,83,67
28,85,Yes,7,74,72
12,64,Yes,9,81,63
17,74,No,9,50,60
18,70,Yes,4,56,65
19,97,Yes,9,61,72
21,94,No,9,95,70
24,83,Yes,7,52,71
17,81,Yes,8,78,66
21,97,Yes,8,96,72
20,97,Yes,9,83,73
14,99,Yes,6,74,71
19,65,No,9,69,64
19,66,Yes,5,81,66
19,87,No,4,74,69
20,82,No,8,85,66
20,61,No,9,81,63
17,62,Yes,7,78,62
28,96,Yes,4,98,98
13,95,Yes,5,92,71
16,74,No,8,80,66
37,96,No,7,77,75
14,84,Yes,9,86,68
12,92,No,7,90,69
24,77,Yes,6,65,68
8,65,No,7,83,60
19,77,No,9,57,64
33,78,No,9,72,71
11,82,No,7,97,69
8,64,Yes,7,66,60
11,100,Yes,8,58,70
25,70,Yes,6,57,66
27,68,No,8,70,68
17,81,No,7,61,67
24,81,Yes,7,71,70
28,78,Yes,7,86,69
31,91,Yes,7,94,75
19,81,Yes,10,56,65
6,84,Yes,6,88,65
15,89,No,6,55,66
17,61,Yes,9,69,64
18,83,No,8,100,66
19,95,Yes,8,53,70
27,61,No,5,51,63
28,76,No,7,67,66
19,97,Yes,8,98,71
27,74,No,6,51,68
22,78,Yes,8,61,68
20,99,No,7,80,71
25,68,No,6,62,63
20,63,No,9,53,60
32,94,Yes,9,53,73
11,95,Yes,7,78,68
17,79,Yes,8,78,70
19,81,Yes,9,85,66
23,93,No,6,57,72
28,90,Yes,8,75,70
20,71,Yes,6,80,68
11,61,Yes,5,61,60
25,79,No,6,77,68
25,94,No,5,85,74
8,96,Yes,8,100,68
20,98,Yes,6,80,72
10,95,Yes,5,93,69
16,83,Yes,8,92,98
15,78,No,8,97,68
25,91,No,7,86,70
21,90,No,8,61,69
12,82,No,6,65,64
25,63,No,6,89,65
11,97,No,8,76,69
22,78,No,9,63,67
15,75,No,6,83,65
18,85,Yes,6,95,70
23,87,No,8,68,68
23,68,Yes,8,80,65
28,93,No,7,79,74
20,72,Yes,9,56,65
22,67,Yes,10,55,65
17,76,Yes,8,94,68
21,89,No,6,97,68
23,99,No,8,95,74
19,92,No,6,70,71
9,98,Yes,9,64,67
22,66,Yes,6,97,64
22,63,Yes,7,94,61
16,82,No,6,91,66
12,72,No,7,67,61
29,93,No,7,82,73
23,87,No,8,88,70
19,99,No,7,79,70
13,70,Yes,7,80,63
15,79,Yes,6,88,69
28,80,No,7,88,72
21,70,Yes,5,62,66
17,84,No,9,70,68
23,78,No,7,89,67
15,78,Yes,9,63,65
29,75,Yes,7,96,68
28,61,Yes,4,92,68
17,81,No,6,95,69
16,73,Yes,7,65,66
4,60,Yes,7,55,58
11,72,No,8,55,60
12,71,Yes,7,78,67
21,76,Yes,6,65,65
18,65,Yes,6,63,62
12,80,Yes,6,61,65
18,88,No,8,78,69
23,85,No,8,77,70
23,92,Yes,6,71,70
9,78,No,9,57,63
19,81,Yes,8,96,69
12,92,No,6,71,64
25,77,No,7,56,69
25,88,Yes,8,52,70
15,77,Yes,5,58,64
15,77,Yes,5,65,65
17,90,No,8,82,70
6,67,Yes,6,99,60
22,74,Yes,9,64,68
18,69,Yes,10,89,61
26,74,Yes,8,96,68
13,69,No,8,70,61
16,83,No,5,63,64
11,92,No,5,75,66
14,91,Yes,7,95,70
13,75,Yes,5,51,65
26,100,Yes,7,74,74
16,84,No,6,88,66
21,76,Yes,7,80,65
18,93,No,7,75,69
12,89,Yes,8,78,69
19,90,No,7,81,69
24,68,No,6,84,66
13,79,No,5,68,63
25,94,Yes,7,76,69
15,80,Yes,4,64,65
17,87,No,9,99,67
23,84,No,8,59,66
16,94,Yes,8,58,67
20,71,Yes,6,63,65
18,83,No,8,96,69
21,65,No,6,83,65
6,88,Yes,7,73,67
9,89,Yes,6,96,66
24,62,No,7,95,64
26,87,No,5,70,70
15,77,Yes,7,78,65
19,65,Yes,5,95,65
22,77,No,10,66,64
24,68,Yes,7,70,64
8,77,Yes,7,90,61
15,75,No,8,85,65
18,90,Yes,5,52,68
24,91,Yes,6,56,70
35,84,Yes,8,92,74
19,61,No,7,51,60
12,97,Yes,6,96,71
22,87,Yes,8,64,70
28,61,Yes,7,80,67
21,93,Yes,8,78,68
15,68,No,8,70,64
26,83,No,6,52,67
24,79,No,7,60,65
14,77,Yes,4,81,66
22,96,Yes,6,72,72
26,77,Yes,7,71,69
27,63,Yes,8,55,65
20,98,Yes,8,67,71
18,97,Yes,6,76,72
27,87,No,6,54,70
13,79,No,9,53,63
23,64,No,7,75,66
12,92,Yes,7,78,67
26,63,No,8,63,67
18,63,Yes,7,66,62
28,81,Yes,7,90,72
23,66,Yes,7,93,69
13,60,Yes,6,66,61
29,77,Yes,7,68,67
29,65,Yes,4,92,66
25,66,Yes,6,99,68
15,63,No,8,66,62
18,68,Yes,8,89,63
21,89,Yes,9,74,70
16,92,Yes,8,63,68
30,78,Yes,8,84,71
21,80,No,7,73,65
4,61,Yes,6,63,59
22,63,Yes,8,55,64
18,70,No,7,93,67
20,82,No,6,94,68
18,90,Yes,6,54,95
25,84,Yes,7,83,70
27,76,No,9,58,68
22,65,No,7,82,65
18,91,No,7,95,70
20,75,No,8,63,67
20,89,No,8,67,69
15,81,Yes,7,90,68
23,90,No,7,87,72
23,96,No,6,70,71
29,97,Yes,9,92,75
28,81,No,6,96,70
16,80,No,9,73,66
25,71,Yes,7,52,67
14,97,Yes,7,75,70
24,78,Yes,8,87,71
17,65,No,6,61,64
14,77,No,8,55,65
22,65,Yes,7,64,64
4,80,Yes,8,51,62
9,82,Yes,6,86,64
19,74,Yes,6,57,66
20,63,Yes,4,86,64
18,98,Yes,6,62,71
11,91,Yes,6,100,68
15,94,Yes,6,77,70
22,75,No,7,52,66
23,90,No,7,89,71
20,79,Yes,8,71,68
27,68,Yes,8,80,66
22,65,No,8,98,66
16,74,No,8,76,65
18,66,Yes,7,90,64
12,100,Yes,7,65,67
19,62,Yes,8,86,65
27,78,Yes,8,55,69
24,78,Yes,5,95,69
28,72,Yes,7,60,69
18,83,No,4,65,68
28,66,Yes,4,98,67
19,91,No,6,58,68
29,73,Yes,7,63,65
20,84,Yes,6,79,69
24,89,No,4,99,73
29,96,No,8,85,76
19,93,Yes,6,56,69
21,84,Yes,8,87,69
28,76,Yes,6,71,68
19,80,Yes,6,100,70
12,91,Yes,8,81,64
33,95,Yes,6,77,73
17,64,Yes,7,78,64
21,75,Yes,7,82,65
27,91,No,5,87,69
16,77,Yes,8,54,62
14,73,Yes,6,57,64
22,76,No,5,65,64
9,84,No,6,74,67
18,100,Yes,8,66,69
21,80,Yes,5,61,67
18,68,No,8,96,65
11,67,No,8,52,63
30,62,Yes,7,97,66
21,82,No,7,95,70
29,82,No,7,84,70
18,68,Yes,8,52,67
15,88,Yes,6,61,65
22,90,No,5,99,70
19,70,Yes,7,95,66
13,74,Yes,8,98,66
29,100,Yes,8,100,72
16,75,Yes,10,53,64
9,90,Yes,7,79,70
28,78,No,7,92,71
17,92,No,7,66,66
16,91,Yes,6,72,70
9,87,Yes,6,64,64
30,94,No,5,52,70
12,98,Yes,4,54,67
20,83,No,6,51,65
25,69,No,7,76,68
23,76,No,8,81,69
20,90,Yes,6,65,68
10,86,Yes,6,91,68
15,67,Yes,9,94,64
